Report Whole Date,Report Date YYYY,Report Date Q,Quarter Year Code Report Date,Quarters Since Close,Years Since Fund Close to Report Date,Fund ID,FundName,Fund Type,investor name,Fund Close Date,Fund Close YYYY,Fund Close Q,Global Region,LP beid,LP Name,FundLPID,Remaining Value,Contributed,Distributed,Fund Initial Amount,Consistency,Comitted
5/31/2010,2010,2,20102,57,14,12773,3i UK Investment Partners,Venture Capital,3i Group,1/1/1996,1996,1,Europe,17941,University of Texas Investment Management Company,15702,550406,23451005,30080156,636.869365,0.838709677,24122379
2/28/2010,2010,1,20101,56,14,12773,3i UK Investment Partners,Venture Capital,3i Group,1/1/1996,1996,1,Europe,17941,University of Texas Investment Management Company,15702,1748206,23451005,30080156,636.869365,0.838709677,24156504
11/30/2009,2009,4,20094,55,13,12773,3i UK Investment Partners,Venture Capital,3i Group,1/1/1996,1996,1,Europe,17941,University of Texas Investment Management Company,15702,2096838.52,23451004.62,30080156,636.869365,0.838709677,24111532.41
8/31/2009,2009,3,20093,54,13,12773,3i UK Investment Partners,Venture Capital,3i Group,1/1/1996,1996,1,Europe,17941,University of Texas Investment Management Company,15702,1885268.97,23451004.62,30079038,636.869365,0.838709677,24111532.41
5/31/2009,2009,2,20092,53,13,12773,3i UK Investment Partners,Venture Capital,3i Group,1/1/1996,1996,1,Europe,17941,University of Texas Investment Management Company,15702,1865297,23451005,30079038,636.869365,0.838709677,24301438
2/28/2009,2009,1,20091,52,13,12773,3i UK Investment Partners,Venture Capital,3i Group,1/1/1996,1996,1,Europe,17941,University of Texas Investment Management Company,15702,1933852.48,23451004.62,30031353,636.869365,0.838709677,24111532.41
11/30/2008,2008,4,20084,51,12,12773,3i UK Investment Partners,Venture Capital,3i Group,1/1/1996,1996,1,Europe,17941,University of Texas Investment Management Company,15702,2072988.06,23451004.62,30031353,636.869365,0.838709677,24163085.54
8/31/2008,2008,3,20083,50,12,12773,3i UK Investment Partners,Venture Capital,3i Group,1/1/1996,1996,1,Europe,17941,University of Texas Investment Management Company,15702,2449777,23451005,30031353,636.869365,0.838709677,24301438
5/31/2008,2008,2,20082,49,12,12773,3i UK Investment Partners,Venture Capital,3i Group,1/1/1996,1996,1,Europe,17941,University of Texas Investment Management Company,15702,2661524.62,23451004.62,30031353,636.869365,0.838709677,24379998.66
2/29/2008,2008,1,20081,48,12,12773,3i UK Investment Partners,Venture Capital,3i Group,1/1/1996,1996,1,Europe,17941,University of Texas Investment Management Company,15702,2566709.06,23451004.62,29940741,636.869365,0.838709677,24383338.04
11/30/2007,2007,4,20074,47,11,12773,3i UK Investment Partners,Venture Capital,3i Group,1/1/1996,1996,1,Europe,17941,University of Texas Investment Management Company,15702,2640981.61,23451004.62,29940741,636.869365,0.838709677,24416146.79
8/31/2007,2007,3,20073,46,11,12773,3i UK Investment Partners,Venture Capital,3i Group,1/1/1996,1996,1,Europe,17941,University of Texas Investment Management Company,15702,2630945.32,23451004.62,29940741,636.869365,0.838709677,24397012.41
5/31/2007,2007,2,20072,45,11,12773,3i UK Investment Partners,Venture Capital,3i Group,1/1/1996,1996,1,Europe,17941,University of Texas Investment Management Company,15702,2658447.56,23451004.62,29793956,636.869365,0.838709677,24378804.29
2/28/2007,2007,1,20071,44,11,12773,3i UK Investment Partners,Venture Capital,3i Group,1/1/1996,1996,1,Europe,17941,University of Texas Investment Management Company,15702,2317796.4,23451004.62,29793956,636.869365,0.838709677,24371101.79
11/30/2006,2006,4,20064,43,10,12773,3i UK Investment Partners,Venture Capital,3i Group,1/1/1996,1996,1,Europe,17941,University of Texas Investment Management Company,15702,2346632.03,23451004.62,29793956,636.869365,0.838709677,24372149.91
8/31/2006,2006,3,20063,42,10,12773,3i UK Investment Partners,Venture Capital,3i Group,1/1/1996,1996,1,Europe,17941,University of Texas Investment Management Company,15702,2900702.85,23451004.62,28954550,636.869365,0.838709677,24342168.66
5/31/2006,2006,2,20062,41,10,12773,3i UK Investment Partners,Venture Capital,3i Group,1/1/1996,1996,1,Europe,17941,University of Texas Investment Management Company,15702,4271395.58,23451004.62,27509933,636.869365,0.838709677,24325130.54
2/28/2006,2006,1,20061,40,10,12773,3i UK Investment Partners,Venture Capital,3i Group,1/1/1996,1996,1,Europe,17941,University of Texas Investment Management Company,15702,3402204.47,23451004.62,27471228,636.869365,0.838709677,24268507.41
11/30/2005,2005,4,20054,39,9,12773,3i UK Investment Partners,Venture Capital,3i Group,1/1/1996,1996,1,Europe,17941,University of Texas Investment Management Company,15702,3320009.73,23451004.62,27471228,636.869365,0.838709677,24256661.16
8/31/2005,2005,3,20053,38,9,12773,3i UK Investment Partners,Venture Capital,3i Group,1/1/1996,1996,1,Europe,17941,University of Texas Investment Management Company,15702,3585097.63,23451004.62,27266267,636.869365,0.838709677,24293150.54
5/31/2005,2005,2,20052,37,9,12773,3i UK Investment Partners,Venture Capital,3i Group,1/1/1996,1996,1,Europe,17941,University of Texas Investment Management Company,15702,3681555.81,23451004.62,27125292,636.869365,0.838709677,24299488.04
2/28/2005,2005,1,20051,36,9,12773,3i UK Investment Partners,Venture Capital,3i Group,1/1/1996,1996,1,Europe,17941,University of Texas Investment Management Company,15702,4484814.03,23451004.62,27066832,636.869365,0.838709677,24350163.66
11/30/2004,2004,4,20044,35,8,12773,3i UK Investment Partners,Venture Capital,3i Group,1/1/1996,1996,1,Europe,17941,University of Texas Investment Management Company,15702,6113479.76,23192439.12,24509711,636.869365,0.838709677,24343750.04
8/31/2004,2004,3,20043,34,8,12773,3i UK Investment Partners,Venture Capital,3i Group,1/1/1996,1996,1,Europe,17941,University of Texas Investment Management Company,15702,6536384.76,23192439.12,23864648,636.869365,0.838709677,24277049.16
5/31/2004,2004,2,20042,33,8,12773,3i UK Investment Partners,Venture Capital,3i Group,1/1/1996,1996,1,Europe,17941,University of Texas Investment Management Company,15702,6659294.83,23192439.12,23813057,636.869365,0.838709677,24295693.04
2/29/2004,2004,1,20041,32,8,12773,3i UK Investment Partners,Venture Capital,3i Group,1/1/1996,1996,1,Europe,17941,University of Texas Investment Management Company,15702,8499576.2,23192439.12,23613724,636.869365,0.838709677,24355580.37
11/30/2003,2003,4,20034,31,7,12773,3i UK Investment Partners,Venture Capital,3i Group,1/1/1996,1996,1,Europe,17941,University of Texas Investment Management Company,15702,7639462.36,23123161.62,23265200,636.869365,0.838709677,24259813.62
8/31/2003,2003,3,20033,30,7,12773,3i UK Investment Partners,Venture Capital,3i Group,1/1/1996,1996,1,Europe,17941,University of Texas Investment Management Company,15702,7640109.89,23118545.47,23136919,636.869365,0.838709677,24159827.47
5/31/2003,2003,2,20032,29,7,12773,3i UK Investment Partners,Venture Capital,3i Group,1/1/1996,1996,1,Europe,17941,University of Texas Investment Management Company,15702,8370612.7,23118545.47,23103668,636.869365,0.838709677,24198569.47
2/28/2003,2003,1,20031,28,7,12773,3i UK Investment Partners,Venture Capital,3i Group,1/1/1996,1996,1,Europe,17941,University of Texas Investment Management Company,15702,8117842,22978649,23020825,636.869365,0.838709677,24157949
11/30/2002,2002,4,20024,27,6,12773,3i UK Investment Partners,Venture Capital,3i Group,1/1/1996,1996,1,Europe,17941,University of Texas Investment Management Company,15702,9571565.9,22978649.47,21869517,636.869365,0.838709677,24141532.91
8/31/2002,2002,3,20023,26,6,12773,3i UK Investment Partners,Venture Capital,3i Group,1/1/1996,1996,1,Europe,17941,University of Texas Investment Management Company,15702,9571565.9,22978649.47,21869517,636.869365,0.838709677,24141532.91
5/31/2002,2002,2,20022,25,6,12773,3i UK Investment Partners,Venture Capital,3i Group,1/1/1996,1996,1,Europe,17941,University of Texas Investment Management Company,15702,9814824,22978649,21273397,636.869365,0.838709677,24032772
2/28/2002,2002,1,20021,24,6,12773,3i UK Investment Partners,Venture Capital,3i Group,1/1/1996,1996,1,Europe,17941,University of Texas Investment Management Company,15702,8657386,22978649,21015362,636.869365,0.838709677,24004309
11/30/2001,2001,4,20014,23,5,12773,3i UK Investment Partners,Venture Capital,3i Group,1/1/1996,1996,1,Europe,17941,University of Texas Investment Management Company,15702,10197328,22924334,19042225,636.869365,0.838709677,24008460
8/31/2001,2001,3,20013,22,5,12773,3i UK Investment Partners,Venture Capital,3i Group,1/1/1996,1996,1,Europe,17941,University of Texas Investment Management Company,15702,11579925,22924334,18282822,636.869365,0.838709677,24031928
5/31/2001,2001,2,20012,21,5,12773,3i UK Investment Partners,Venture Capital,3i Group,1/1/1996,1996,1,Europe,17941,University of Texas Investment Management Company,15702,11304735,22924334,18229902,636.869365,0.838709677,24031928
2/28/2001,2001,1,20011,20,5,12773,3i UK Investment Partners,Venture Capital,3i Group,1/1/1996,1996,1,Europe,17941,University of Texas Investment Management Company,15702,11141342,22871013,18143389,636.869365,0.838709677,24026198
11/30/2000,2000,4,20004,19,4,12773,3i UK Investment Partners,Venture Capital,3i Group,1/1/1996,1996,1,Europe,17941,University of Texas Investment Management Company,15702,14492979,22871013,14609531,636.869365,0.838709677,24009327
8/31/2000,2000,3,20003,18,4,12773,3i UK Investment Partners,Venture Capital,3i Group,1/1/1996,1996,1,Europe,17941,University of Texas Investment Management Company,15702,14870026,22762286,14076254,636.869365,0.838709677,24027503
5/31/2000,2000,2,20002,17,4,12773,3i UK Investment Partners,Venture Capital,3i Group,1/1/1996,1996,1,Europe,17941,University of Texas Investment Management Company,15702,16039482,22648623,13210614,636.869365,0.838709677,24075038
2/29/2000,2000,1,20001,16,4,12773,3i UK Investment Partners,Venture Capital,3i Group,1/1/1996,1996,1,Europe,17941,University of Texas Investment Management Company,15702,15661874,22528766,13026419,636.869365,0.838709677,24148313
11/30/1999,1999,4,19994,15,3,12773,3i UK Investment Partners,Venture Capital,3i Group,1/1/1996,1996,1,Europe,17941,University of Texas Investment Management Company,15702,18615471,22288931,9863618,636.869365,0.838709677,24163778
8/31/1999,1999,3,19993,14,3,12773,3i UK Investment Partners,Venture Capital,3i Group,1/1/1996,1996,1,Europe,17941,University of Texas Investment Management Company,15702,20180281,22268931,9070196,636.869365,0.838709677,24161898
5/31/1999,1999,2,19992,13,3,12773,3i UK Investment Partners,Venture Capital,3i Group,1/1/1996,1996,1,Europe,17941,University of Texas Investment Management Company,15702,25040834,22288931,4545647,636.869365,0.838709677,24173978
2/28/1999,1999,1,19991,12,3,12773,3i UK Investment Partners,Venture Capital,3i Group,1/1/1996,1996,1,Europe,17941,University of Texas Investment Management Company,15702,22877972,21925406,3994888,636.869365,0.838709677,24171900
11/30/1998,1998,4,19984,11,2,12773,3i UK Investment Partners,Venture Capital,3i Group,1/1/1996,1996,1,Europe,17941,University of Texas Investment Management Company,15702,22389311,21549288,3757548,636.869365,0.838709677,24231960
8/31/1998,1998,3,19983,10,2,12773,3i UK Investment Partners,Venture Capital,3i Group,1/1/1996,1996,1,Europe,17941,University of Texas Investment Management Company,15702,22753126,21293208,3421417,636.869365,0.838709677,24272655
5/31/1998,1998,2,19982,9,2,12773,3i UK Investment Partners,Venture Capital,3i Group,1/1/1996,1996,1,Europe,17941,University of Texas Investment Management Company,15702,23167365,21293208,2744654,636.869365,0.838709677,24191295
2/28/1998,1998,1,19981,8,2,12773,3i UK Investment Partners,Venture Capital,3i Group,1/1/1996,1996,1,Europe,17941,University of Texas Investment Management Company,15702,20507621,20918021,2283377,636.869365,0.838709677,24212400
11/30/1997,1997,4,19974,7,1,12773,3i UK Investment Partners,Venture Capital,3i Group,1/1/1996,1996,1,Europe,17941,University of Texas Investment Management Company,15702,21930007,21763559,1988545,636.869365,0.838709677,24258956
8/31/2009,2009,3,20093,46,11,17213,3i UK Investment Partners II,Venture Capital,3i Group,1/1/1998,1998,1,Europe,17941,University of Texas Investment Management Company,16774,52965.32,30458427.91,34800677,580.0882409,0.884615385,31763506
2/28/2009,2009,1,20091,44,11,17213,3i UK Investment Partners II,Venture Capital,3i Group,1/1/1998,1998,1,Europe,17941,University of Texas Investment Management Company,16774,12793.61,30458427.91,34650069,580.0882409,0.884615385,31763506
11/30/2008,2008,4,20084,43,10,17213,3i UK Investment Partners II,Venture Capital,3i Group,1/1/1998,1998,1,Europe,17941,University of Texas Investment Management Company,16774,14654.84,30458427.91,34650069,580.0882409,0.884615385,31865026
8/31/2008,2008,3,20083,42,10,17213,3i UK Investment Partners II,Venture Capital,3i Group,1/1/1998,1998,1,Europe,17941,University of Texas Investment Management Company,16774,179917,30458428,34444977,580.0882409,0.884615385,32137474
5/31/2008,2008,2,20082,41,10,17213,3i UK Investment Partners II,Venture Capital,3i Group,1/1/1998,1998,1,Europe,17941,University of Texas Investment Management Company,16774,227454.69,30458427.91,34444977,580.0882409,0.884615385,32292178
2/29/2008,2008,1,20081,40,10,17213,3i UK Investment Partners II,Venture Capital,3i Group,1/1/1998,1998,1,Europe,17941,University of Texas Investment Management Company,16774,419434.76,30458427.91,34285278,580.0882409,0.884615385,32298754
11/30/2007,2007,4,20074,39,9,17213,3i UK Investment Partners II,Venture Capital,3i Group,1/1/1998,1998,1,Europe,17941,University of Texas Investment Management Company,16774,580590.35,30458427.91,34121023,580.0882409,0.884615385,32363362
8/31/2007,2007,3,20073,38,9,17213,3i UK Investment Partners II,Venture Capital,3i Group,1/1/1998,1998,1,Europe,17941,University of Texas Investment Management Company,16774,539758.1,30458427.91,34121023,580.0882409,0.884615385,32325682
5/31/2007,2007,2,20072,37,9,17213,3i UK Investment Partners II,Venture Capital,3i Group,1/1/1998,1998,1,Europe,17941,University of Texas Investment Management Company,16774,776160.66,30458427.91,34121023,580.0882409,0.884615385,32289826
2/28/2007,2007,1,20071,36,9,17213,3i UK Investment Partners II,Venture Capital,3i Group,1/1/1998,1998,1,Europe,17941,University of Texas Investment Management Company,16774,2743998.27,30458427.91,31819633,580.0882409,0.884615385,32274658
11/30/2006,2006,4,20064,35,8,17213,3i UK Investment Partners II,Venture Capital,3i Group,1/1/1998,1998,1,Europe,17941,University of Texas Investment Management Company,16774,3642804.2,30458427.91,30099774,580.0882409,0.884615385,32276722
8/31/2006,2006,3,20063,34,8,17213,3i UK Investment Partners II,Venture Capital,3i Group,1/1/1998,1998,1,Europe,17941,University of Texas Investment Management Company,16774,6520693.69,30458427.91,26689866,580.0882409,0.884615385,32217682
5/31/2006,2006,2,20062,33,8,17213,3i UK Investment Partners II,Venture Capital,3i Group,1/1/1998,1998,1,Europe,17941,University of Texas Investment Management Company,16774,8108756.08,30458427.91,23364001,580.0882409,0.884615385,32184130
2/28/2006,2006,1,20061,32,8,17213,3i UK Investment Partners II,Venture Capital,3i Group,1/1/1998,1998,1,Europe,17941,University of Texas Investment Management Company,16774,8319323.21,30458427.91,22652150,580.0882409,0.884615385,32072626
11/30/2005,2005,4,20054,31,7,17213,3i UK Investment Partners II,Venture Capital,3i Group,1/1/1998,1998,1,Europe,17941,University of Texas Investment Management Company,16774,7934853.84,30458427.91,22652150,580.0882409,0.884615385,32049298
8/31/2005,2005,3,20053,30,7,17213,3i UK Investment Partners II,Venture Capital,3i Group,1/1/1998,1998,1,Europe,17941,University of Texas Investment Management Company,16774,11365574.29,30458427.91,20413868,580.0882409,0.884615385,32121154
5/31/2005,2005,2,20052,29,7,17213,3i UK Investment Partners II,Venture Capital,3i Group,1/1/1998,1998,1,Europe,17941,University of Texas Investment Management Company,16774,14846105.23,30458427.91,15973997,580.0882409,0.884615385,32133634
2/28/2005,2005,1,20051,28,7,17213,3i UK Investment Partners II,Venture Capital,3i Group,1/1/1998,1998,1,Europe,17941,University of Texas Investment Management Company,16774,14494716.4,30458427.91,15942501,580.0882409,0.884615385,32233426
11/30/2004,2004,4,20044,27,6,17213,3i UK Investment Partners II,Venture Capital,3i Group,1/1/1998,1998,1,Europe,17941,University of Texas Investment Management Company,16774,15957199.09,30458427.91,14009022,580.0882409,0.884615385,32222338
8/31/2004,2004,3,20043,26,6,17213,3i UK Investment Partners II,Venture Capital,3i Group,1/1/1998,1998,1,Europe,17941,University of Texas Investment Management Company,16774,14939995.57,30458427.91,14009022,580.0882409,0.884615385,32119474
5/31/2004,2004,2,20042,25,6,17213,3i UK Investment Partners II,Venture Capital,3i Group,1/1/1998,1998,1,Europe,17941,University of Texas Investment Management Company,16774,15989857.64,30458427.91,13934579,580.0882409,0.884615385,32148226
2/29/2004,2004,1,20041,24,6,17213,3i UK Investment Partners II,Venture Capital,3i Group,1/1/1998,1998,1,Europe,17941,University of Texas Investment Management Company,16774,20361912.87,30458427.91,10000730,580.0882409,0.884615385,32252187.91
11/30/2003,2003,4,20034,23,5,17213,3i UK Investment Partners II,Venture Capital,3i Group,1/1/1998,1998,1,Europe,17941,University of Texas Investment Management Company,16774,19475200.39,30458427.91,8534155,580.0882409,0.884615385,32111739.91
8/31/2003,2003,3,20033,22,5,17213,3i UK Investment Partners II,Venture Capital,3i Group,1/1/1998,1998,1,Europe,17941,University of Texas Investment Management Company,16774,18702088.12,30458427.91,8534155,580.0882409,0.884615385,31973019.91
5/31/2003,2003,2,20032,21,5,17213,3i UK Investment Partners II,Venture Capital,3i Group,1/1/1998,1998,1,Europe,17941,University of Texas Investment Management Company,16774,19329705.72,30458427.91,8534155,580.0882409,0.884615385,32029371.91
2/28/2003,2003,1,20031,20,5,17213,3i UK Investment Partners II,Venture Capital,3i Group,1/1/1998,1998,1,Europe,17941,University of Texas Investment Management Company,16774,19178049,30395884,8534155,580.0882409,0.884615385,31968284
11/30/2002,2002,4,20024,19,4,17213,3i UK Investment Partners II,Venture Capital,3i Group,1/1/1998,1998,1,Europe,17941,University of Texas Investment Management Company,16774,19261278.54,30395883.91,8534155,580.0882409,0.884615385,31946383.91
8/31/2002,2002,3,20023,18,4,17213,3i UK Investment Partners II,Venture Capital,3i Group,1/1/1998,1998,1,Europe,17941,University of Texas Investment Management Company,16774,19261278.54,30395883.91,8534155,580.0882409,0.884615385,31946383.91
5/31/2002,2002,2,20022,17,4,17213,3i UK Investment Partners II,Venture Capital,3i Group,1/1/1998,1998,1,Europe,17941,University of Texas Investment Management Company,16774,19752186,30395884,6102307,580.0882409,0.884615385,31781974
2/28/2002,2002,1,20021,16,4,17213,3i UK Investment Partners II,Venture Capital,3i Group,1/1/1998,1998,1,Europe,17941,University of Texas Investment Management Company,16774,22148280,30395884,3416583,580.0882409,0.884615385,31744024
11/30/2001,2001,4,20014,15,3,17213,3i UK Investment Partners II,Venture Capital,3i Group,1/1/1998,1998,1,Europe,17941,University of Texas Investment Management Company,16774,22099973,30395884,3416583,580.0882409,0.884615385,31750774
8/31/2001,2001,3,20013,14,3,17213,3i UK Investment Partners II,Venture Capital,3i Group,1/1/1998,1998,1,Europe,17941,University of Texas Investment Management Company,16774,24019925,30395884,3416583,580.0882409,0.884615385,31780574
5/31/2001,2001,2,20012,13,3,17213,3i UK Investment Partners II,Venture Capital,3i Group,1/1/1998,1998,1,Europe,17941,University of Texas Investment Management Company,16774,23268012,30395884,3416583,580.0882409,0.884615385,31745074
2/28/2001,2001,1,20011,12,3,17213,3i UK Investment Partners II,Venture Capital,3i Group,1/1/1998,1998,1,Europe,17941,University of Texas Investment Management Company,16774,24909166,30395884,2987712,580.0882409,0.884615385,31772174
11/30/2000,2000,4,20004,11,2,17213,3i UK Investment Partners II,Venture Capital,3i Group,1/1/1998,1998,1,Europe,17941,University of Texas Investment Management Company,16774,20920206,26717210,2987712,580.0882409,0.884615385,31635675
8/31/2000,2000,3,20003,10,2,17213,3i UK Investment Partners II,Venture Capital,3i Group,1/1/1998,1998,1,Europe,17941,University of Texas Investment Management Company,16774,23021109,26717210,1813865,580.0882409,0.884615385,31713550
5/31/2000,2000,2,20002,9,2,17213,3i UK Investment Partners II,Venture Capital,3i Group,1/1/1998,1998,1,Europe,17941,University of Texas Investment Management Company,16774,22130732,25202910,1813665,580.0882409,0.884615385,31889550
2/29/2000,2000,1,20001,8,2,17213,3i UK Investment Partners II,Venture Capital,3i Group,1/1/1998,1998,1,Europe,17941,University of Texas Investment Management Company,16774,20371572,22137410,999314,580.0882409,0.884615385,32325200
11/30/1999,1999,4,19994,7,1,17213,3i UK Investment Partners II,Venture Capital,3i Group,1/1/1998,1998,1,Europe,17941,University of Texas Investment Management Company,16774,17443452,18109560,0,580.0882409,0.884615385,32381850
8/31/1999,1999,3,19993,6,1,17213,3i UK Investment Partners II,Venture Capital,3i Group,1/1/1998,1998,1,Europe,17941,University of Texas Investment Management Company,16774,15119181,16502060,0,580.0882409,0.884615385,32518850
5/31/1999,1999,2,19992,5,1,17213,3i UK Investment Partners II,Venture Capital,3i Group,1/1/1998,1998,1,Europe,17941,University of Texas Investment Management Company,16774,13467001,14882010,0,580.0882409,0.884615385,32434800
2/28/1999,1999,1,19991,4,1,17213,3i UK Investment Partners II,Venture Capital,3i Group,1/1/1998,1998,1,Europe,17941,University of Texas Investment Management Company,16774,12299298,13274310,0,580.0882409,0.884615385,32437500
11/30/1998,1998,4,19984,3,0,17213,3i UK Investment Partners II,Venture Capital,3i Group,1/1/1998,1998,1,Europe,17941,University of Texas Investment Management Company,16774,8041291,8293610,0,580.0882409,0.884615385,32951900
8/31/1998,1998,3,19983,2,0,17213,3i UK Investment Partners II,Venture Capital,3i Group,1/1/1998,1998,1,Europe,17941,University of Texas Investment Management Company,16774,6427076,6621510,0,580.0882409,0.884615385,33368301
5/31/1998,1998,2,19982,1,0,17213,3i UK Investment Partners II,Venture Capital,3i Group,1/1/1998,1998,1,Europe,17941,University of Texas Investment Management Company,16774,4855253,4973910,0,580.0882409,0.884615385,32628300
3/31/2015,2015,1,20151,46,12,11294,Abingworth Bioventures IV,Venture Capital,Abingworth Management,7/31/2003,2003,3,Europe,11994,California Public Employees Retirement System,103193,3409135,9734000,8536274,350,0.97826087,10000000
12/31/2014,2014,4,20144,45,11,11294,Abingworth Bioventures IV,Venture Capital,Abingworth Management,7/31/2003,2003,3,Europe,11994,California Public Employees Retirement System,103193,6829348,9734000,4861342,350,0.97826087,10000000
9/30/2014,2014,3,20143,44,11,11294,Abingworth Bioventures IV,Venture Capital,Abingworth Management,7/31/2003,2003,3,Europe,11994,California Public Employees Retirement System,103193,5509916,9734000,4651036,350,0.97826087,10000000
6/30/2014,2014,2,20142,43,11,11294,Abingworth Bioventures IV,Venture Capital,Abingworth Management,7/31/2003,2003,3,Europe,11994,California Public Employees Retirement System,103193,7261459,9734000,4047072,350,0.97826087,10000000
3/31/2014,2014,1,20141,42,11,11294,Abingworth Bioventures IV,Venture Capital,Abingworth Management,7/31/2003,2003,3,Europe,11994,California Public Employees Retirement System,103193,6025552,9634000,4047072,350,0.97826087,10000000
12/31/2013,2013,4,20134,41,10,11294,Abingworth Bioventures IV,Venture Capital,Abingworth Management,7/31/2003,2003,3,Europe,11994,California Public Employees Retirement System,103193,5482545,9634000,4047072,350,0.97826087,10000000
9/30/2013,2013,3,20133,40,10,11294,Abingworth Bioventures IV,Venture Capital,Abingworth Management,7/31/2003,2003,3,Europe,11994,California Public Employees Retirement System,103193,5871786,9634000,3825414,350,0.97826087,10000000
6/30/2013,2013,2,20132,39,10,11294,Abingworth Bioventures IV,Venture Capital,Abingworth Management,7/31/2003,2003,3,Europe,11994,California Public Employees Retirement System,103193,6887592,9634000,3825414,350,0.97826087,10000000
3/31/2013,2013,1,20131,38,10,11294,Abingworth Bioventures IV,Venture Capital,Abingworth Management,7/31/2003,2003,3,Europe,11994,California Public Employees Retirement System,103193,5035196,9634000,3522980,350,0.97826087,10000000
12/31/2012,2012,4,20124,37,9,11294,Abingworth Bioventures IV,Venture Capital,Abingworth Management,7/31/2003,2003,3,Europe,11994,California Public Employees Retirement System,103193,5080741,9634000,3522980,350,0.97826087,10000000
9/30/2012,2012,3,20123,36,9,11294,Abingworth Bioventures IV,Venture Capital,Abingworth Management,7/31/2003,2003,3,Europe,11994,California Public Employees Retirement System,103193,5330309,9510000,3522980,350,0.97826087,10000000
6/30/2012,2012,2,20122,35,9,11294,Abingworth Bioventures IV,Venture Capital,Abingworth Management,7/31/2003,2003,3,Europe,11994,California Public Employees Retirement System,103193,5010898,9510000,3522980,350,0.97826087,10000000
3/31/2012,2012,1,20121,34,9,11294,Abingworth Bioventures IV,Venture Capital,Abingworth Management,7/31/2003,2003,3,Europe,11994,California Public Employees Retirement System,103193,5011337,9200000,3381093,350,0.97826087,10000000
12/31/2011,2011,4,20114,33,8,11294,Abingworth Bioventures IV,Venture Capital,Abingworth Management,7/31/2003,2003,3,Europe,11994,California Public Employees Retirement System,103193,4983889,9200000,3381093,350,0.97826087,10000000
9/30/2011,2011,3,20113,32,8,11294,Abingworth Bioventures IV,Venture Capital,Abingworth Management,7/31/2003,2003,3,Europe,11994,California Public Employees Retirement System,103193,5168018,9120000,3196439,350,0.97826087,10000000
6/30/2011,2011,2,20112,31,8,11294,Abingworth Bioventures IV,Venture Capital,Abingworth Management,7/31/2003,2003,3,Europe,11994,California Public Employees Retirement System,103193,6716091,9120000,2946566,350,0.97826087,10000000
3/31/2011,2011,1,20111,30,8,11294,Abingworth Bioventures IV,Venture Capital,Abingworth Management,7/31/2003,2003,3,Europe,11994,California Public Employees Retirement System,103193,7300706,9070000,2281708,350,0.97826087,10000000
12/31/2010,2010,4,20104,29,7,11294,Abingworth Bioventures IV,Venture Capital,Abingworth Management,7/31/2003,2003,3,Europe,11994,California Public Employees Retirement System,103193,7008614,9020000,2281708,350,0.97826087,10000000
9/30/2010,2010,3,20103,28,7,11294,Abingworth Bioventures IV,Venture Capital,Abingworth Management,7/31/2003,2003,3,Europe,11994,California Public Employees Retirement System,103193,7195698,8890000,2281708,350,0.97826087,10000000
6/30/2010,2010,2,20102,27,7,11294,Abingworth Bioventures IV,Venture Capital,Abingworth Management,7/31/2003,2003,3,Europe,11994,California Public Employees Retirement System,103193,6580809,8720000,2223917,350,0.97826087,10000000
12/31/2009,2009,4,20094,25,6,11294,Abingworth Bioventures IV,Venture Capital,Abingworth Management,7/31/2003,2003,3,Europe,11994,California Public Employees Retirement System,103193,7690602,8350000,1352029,350,0.97826087,10000000
6/30/2009,2009,2,20092,23,6,11294,Abingworth Bioventures IV,Venture Capital,Abingworth Management,7/31/2003,2003,3,Europe,11994,California Public Employees Retirement System,103193,6569864,8580000,973231,350,0.97826087,10000000
3/31/2009,2009,1,20091,22,6,11294,Abingworth Bioventures IV,Venture Capital,Abingworth Management,7/31/2003,2003,3,Europe,11994,California Public Employees Retirement System,103193,5705720,8450000,973231,350,0.97826087,10000000
12/31/2008,2008,4,20084,21,5,11294,Abingworth Bioventures IV,Venture Capital,Abingworth Management,7/31/2003,2003,3,Europe,11994,California Public Employees Retirement System,103193,5885535,8250000,973231,350,0.97826087,10000000
9/30/2008,2008,3,20083,20,5,11294,Abingworth Bioventures IV,Venture Capital,Abingworth Management,7/31/2003,2003,3,Europe,11994,California Public Employees Retirement System,103193,6380839,8000000,973231,350,0.97826087,10000000
6/30/2008,2008,2,20082,19,5,11294,Abingworth Bioventures IV,Venture Capital,Abingworth Management,7/31/2003,2003,3,Europe,11994,California Public Employees Retirement System,103193,6572316,7850000,973232,350,0.97826087,10000000
3/31/2008,2008,1,20081,18,5,11294,Abingworth Bioventures IV,Venture Capital,Abingworth Management,7/31/2003,2003,3,Europe,11994,California Public Employees Retirement System,103193,6882873,7500000,746173,350,0.97826087,10000000
12/31/2007,2007,4,20074,17,4,11294,Abingworth Bioventures IV,Venture Capital,Abingworth Management,7/31/2003,2003,3,Europe,11994,California Public Employees Retirement System,103193,6708521,7200000,746173,350,0.97826087,10000000
9/30/2007,2007,3,20073,16,4,11294,Abingworth Bioventures IV,Venture Capital,Abingworth Management,7/31/2003,2003,3,Europe,11994,California Public Employees Retirement System,103193,6273348,6720000,746174,350,0.97826087,10000000
6/30/2007,2007,2,20072,15,4,11294,Abingworth Bioventures IV,Venture Capital,Abingworth Management,7/31/2003,2003,3,Europe,11994,California Public Employees Retirement System,103193,5648282,5950000,678691,350,0.97826087,10000000
3/31/2007,2007,1,20071,14,4,11294,Abingworth Bioventures IV,Venture Capital,Abingworth Management,7/31/2003,2003,3,Europe,11994,California Public Employees Retirement System,103193,5949882,5800000,678690,350,0.97826087,10000000
12/31/2006,2006,4,20064,13,3,11294,Abingworth Bioventures IV,Venture Capital,Abingworth Management,7/31/2003,2003,3,Europe,11994,California Public Employees Retirement System,103193,5337291,5350000,678691,350,0.97826087,10000000
9/30/2006,2006,3,20063,12,3,11294,Abingworth Bioventures IV,Venture Capital,Abingworth Management,7/31/2003,2003,3,Europe,11994,California Public Employees Retirement System,103193,5038298,5950000,0,350,0.97826087,10000000
6/30/2006,2006,2,20062,11,3,11294,Abingworth Bioventures IV,Venture Capital,Abingworth Management,7/31/2003,2003,3,Europe,11994,California Public Employees Retirement System,103193,4172552,5100000,0,350,0.97826087,10000000
3/31/2006,2006,1,20061,10,3,11294,Abingworth Bioventures IV,Venture Capital,Abingworth Management,7/31/2003,2003,3,Europe,11994,California Public Employees Retirement System,103193,3663106,4300000,0,350,0.97826087,10000000
12/31/2005,2005,4,20054,9,2,11294,Abingworth Bioventures IV,Venture Capital,Abingworth Management,7/31/2003,2003,3,Europe,11994,California Public Employees Retirement System,103193,2950457,3700000,0,350,0.97826087,10000000
9/30/2005,2005,3,20053,8,2,11294,Abingworth Bioventures IV,Venture Capital,Abingworth Management,7/31/2003,2003,3,Europe,11994,California Public Employees Retirement System,103193,2717040,3270000,0,350,0.97826087,10000000
6/30/2005,2005,2,20052,7,2,11294,Abingworth Bioventures IV,Venture Capital,Abingworth Management,7/31/2003,2003,3,Europe,11994,California Public Employees Retirement System,103193,2132965,2700000,0,350,0.97826087,10000000
3/31/2005,2005,1,20051,6,2,11294,Abingworth Bioventures IV,Venture Capital,Abingworth Management,7/31/2003,2003,3,Europe,11994,California Public Employees Retirement System,103193,2063324,2520000,0,350,0.97826087,10000000
12/31/2004,2004,4,20044,5,1,11294,Abingworth Bioventures IV,Venture Capital,Abingworth Management,7/31/2003,2003,3,Europe,11994,California Public Employees Retirement System,103193,1456524,1700000,0,350,0.97826087,10000000
9/30/2004,2004,3,20043,4,1,11294,Abingworth Bioventures IV,Venture Capital,Abingworth Management,7/31/2003,2003,3,Europe,11994,California Public Employees Retirement System,103193,852231,1110000,0,350,0.97826087,10000000
6/30/2004,2004,2,20042,3,1,11294,Abingworth Bioventures IV,Venture Capital,Abingworth Management,7/31/2003,2003,3,Europe,11994,California Public Employees Retirement System,103193,613752,790000,0,350,0.97826087,10000000
3/31/2004,2004,1,20041,2,1,11294,Abingworth Bioventures IV,Venture Capital,Abingworth Management,7/31/2003,2003,3,Europe,11994,California Public Employees Retirement System,103193,466685,593066,0,350,0.97826087,10000000
12/31/2003,2003,4,20034,1,0,11294,Abingworth Bioventures IV,Venture Capital,Abingworth Management,7/31/2003,2003,3,Europe,11994,California Public Employees Retirement System,103193,127621,197026,0,350,0.97826087,10000000
3/31/2015,2015,1,20151,52,13,12675,Healthcap IV,Venture Capital,HealthCap Ventures,1/1/2002,2002,1,Europe,11994,California Public Employees Retirement System,103184,920321,6654967,9416428,321.3,0.903846154,6654967
12/31/2014,2014,4,20144,51,12,12675,Healthcap IV,Venture Capital,HealthCap Ventures,1/1/2002,2002,1,Europe,11994,California Public Employees Retirement System,103184,1197506,6654967,9416428,321.3,0.903846154,6654967
9/30/2014,2014,3,20143,50,12,12675,Healthcap IV,Venture Capital,HealthCap Ventures,1/1/2002,2002,1,Europe,11994,California Public Employees Retirement System,103184,1421534,6654967,9336131,321.3,0.903846154,6654967
6/30/2014,2014,2,20142,49,12,12675,Healthcap IV,Venture Capital,HealthCap Ventures,1/1/2002,2002,1,Europe,11994,California Public Employees Retirement System,103184,1911545,6654967,9220723,321.3,0.903846154,6654967
3/31/2014,2014,1,20141,48,12,12675,Healthcap IV,Venture Capital,HealthCap Ventures,1/1/2002,2002,1,Europe,11994,California Public Employees Retirement System,103184,7399257,6654967,4371603,321.3,0.903846154,6654967
12/31/2013,2013,4,20134,47,11,12675,Healthcap IV,Venture Capital,HealthCap Ventures,1/1/2002,2002,1,Europe,11994,California Public Employees Retirement System,103184,6714505,6654967,4371603,321.3,0.903846154,6654967
9/30/2013,2013,3,20133,46,11,12675,Healthcap IV,Venture Capital,HealthCap Ventures,1/1/2002,2002,1,Europe,11994,California Public Employees Retirement System,103184,6136827,6654967,4371603,321.3,0.903846154,6654967
6/30/2013,2013,2,20132,45,11,12675,Healthcap IV,Venture Capital,HealthCap Ventures,1/1/2002,2002,1,Europe,11994,California Public Employees Retirement System,103184,6216451,6654967,4371603,321.3,0.903846154,6654967
3/31/2013,2013,1,20131,44,11,12675,Healthcap IV,Venture Capital,HealthCap Ventures,1/1/2002,2002,1,Europe,11994,California Public Employees Retirement System,103184,5784844,6654967,4371603,321.3,0.903846154,6654967
12/31/2012,2012,4,20124,43,10,12675,Healthcap IV,Venture Capital,HealthCap Ventures,1/1/2002,2002,1,Europe,11994,California Public Employees Retirement System,103184,5282184,6654967,4371603,321.3,0.903846154,6654967
9/30/2012,2012,3,20123,42,10,12675,Healthcap IV,Venture Capital,HealthCap Ventures,1/1/2002,2002,1,Europe,11994,California Public Employees Retirement System,103184,5087104,6654967,4371603,321.3,0.903846154,6654967
6/30/2012,2012,2,20122,41,10,12675,Healthcap IV,Venture Capital,HealthCap Ventures,1/1/2002,2002,1,Europe,11994,California Public Employees Retirement System,103184,5236012,6654967,4371603,321.3,0.903846154,6654967
3/31/2012,2012,1,20121,40,10,12675,Healthcap IV,Venture Capital,HealthCap Ventures,1/1/2002,2002,1,Europe,11994,California Public Employees Retirement System,103184,5186366,6654967,4371603,321.3,0.903846154,6654967
12/31/2011,2011,4,20114,39,9,12675,Healthcap IV,Venture Capital,HealthCap Ventures,1/1/2002,2002,1,Europe,11994,California Public Employees Retirement System,103184,5128228,6654967,4371603,321.3,0.903846154,6654967
9/30/2011,2011,3,20113,38,9,12675,Healthcap IV,Venture Capital,HealthCap Ventures,1/1/2002,2002,1,Europe,11994,California Public Employees Retirement System,103184,5924613,6654967,4078137,321.3,0.903846154,6654967
6/30/2011,2011,2,20112,37,9,12675,Healthcap IV,Venture Capital,HealthCap Ventures,1/1/2002,2002,1,Europe,11994,California Public Employees Retirement System,103184,6794315,6654967,4078137,321.3,0.903846154,6654967
3/31/2011,2011,1,20111,36,9,12675,Healthcap IV,Venture Capital,HealthCap Ventures,1/1/2002,2002,1,Europe,11994,California Public Employees Retirement System,103184,5537734,6654967,4078137,321.3,0.903846154,6654967
12/31/2010,2010,4,20104,35,8,12675,Healthcap IV,Venture Capital,HealthCap Ventures,1/1/2002,2002,1,Europe,11994,California Public Employees Retirement System,103184,5310881,6654967,4078137,321.3,0.903846154,6654967
9/30/2010,2010,3,20103,34,8,12675,Healthcap IV,Venture Capital,HealthCap Ventures,1/1/2002,2002,1,Europe,11994,California Public Employees Retirement System,103184,4619915,6654967,4071485,321.3,0.903846154,6654967
6/30/2010,2010,2,20102,33,8,12675,Healthcap IV,Venture Capital,HealthCap Ventures,1/1/2002,2002,1,Europe,11994,California Public Employees Retirement System,103184,3615045,6654967,4071485,321.3,0.903846154,6654967
12/31/2009,2009,4,20094,31,7,12675,Healthcap IV,Venture Capital,HealthCap Ventures,1/1/2002,2002,1,Europe,11994,California Public Employees Retirement System,103184,4444339,6654967,4071485,321.3,0.903846154,6654967
6/30/2009,2009,2,20092,29,7,12675,Healthcap IV,Venture Capital,HealthCap Ventures,1/1/2002,2002,1,Europe,11994,California Public Employees Retirement System,103184,3847571,6654967,3892042,321.3,0.903846154,6654967
3/31/2009,2009,1,20091,28,7,12675,Healthcap IV,Venture Capital,HealthCap Ventures,1/1/2002,2002,1,Europe,11994,California Public Employees Retirement System,103184,4355042,6654967,2892376,321.3,0.903846154,6654967
12/31/2008,2008,4,20084,27,6,12675,Healthcap IV,Venture Capital,HealthCap Ventures,1/1/2002,2002,1,Europe,11994,California Public Employees Retirement System,103184,3508885,6654967,2892376,321.3,0.903846154,6654967
9/30/2008,2008,3,20083,26,6,12675,Healthcap IV,Venture Capital,HealthCap Ventures,1/1/2002,2002,1,Europe,11994,California Public Employees Retirement System,103184,4737293,6144146,1825072,321.3,0.903846154,6735030
6/30/2008,2008,2,20082,25,6,12675,Healthcap IV,Venture Capital,HealthCap Ventures,1/1/2002,2002,1,Europe,11994,California Public Employees Retirement System,103184,4514456,6144146,1825072,321.3,0.903846154,6811579
3/31/2008,2008,1,20081,24,6,12675,Healthcap IV,Venture Capital,HealthCap Ventures,1/1/2002,2002,1,Europe,11994,California Public Employees Retirement System,103184,4297617,5896866,1809092,321.3,0.903846154,6819789
12/31/2007,2007,4,20074,23,5,12675,Healthcap IV,Venture Capital,HealthCap Ventures,1/1/2002,2002,1,Europe,11994,California Public Employees Retirement System,103184,4294243,5896866,1809092,321.3,0.903846154,6754493
9/30/2007,2007,3,20073,22,5,12675,Healthcap IV,Venture Capital,HealthCap Ventures,1/1/2002,2002,1,Europe,11994,California Public Employees Retirement System,103184,4551589,5742493,1654719,321.3,0.903846154,6752593
6/30/2007,2007,2,20072,21,5,12675,Healthcap IV,Venture Capital,HealthCap Ventures,1/1/2002,2002,1,Europe,11994,California Public Employees Retirement System,103184,5245961,5742493,942143,321.3,0.903846154,6693443
3/31/2007,2007,1,20071,20,5,12675,Healthcap IV,Venture Capital,HealthCap Ventures,1/1/2002,2002,1,Europe,11994,California Public Employees Retirement System,103184,5045192,5236201,494203,321.3,0.903846154,6665201
12/31/2006,2006,4,20064,19,4,12675,Healthcap IV,Venture Capital,HealthCap Ventures,1/1/2002,2002,1,Europe,11994,California Public Employees Retirement System,103184,4920434,5236201,345409,321.3,0.903846154,6697201
9/30/2006,2006,3,20063,18,4,12675,Healthcap IV,Venture Capital,HealthCap Ventures,1/1/2002,2002,1,Europe,11994,California Public Employees Retirement System,103184,4256796,4873770,318113,321.3,0.903846154,6582520
6/30/2006,2006,2,20062,17,4,12675,Healthcap IV,Venture Capital,HealthCap Ventures,1/1/2002,2002,1,Europe,11994,California Public Employees Retirement System,103184,4256623,4594640,184228,321.3,0.903846154,6568091
3/31/2006,2006,1,20061,16,4,12675,Healthcap IV,Venture Capital,HealthCap Ventures,1/1/2002,2002,1,Europe,11994,California Public Employees Retirement System,103184,3478169,4317055,97256,321.3,0.903846154,6438955
12/31/2005,2005,4,20054,15,3,12675,Healthcap IV,Venture Capital,HealthCap Ventures,1/1/2002,2002,1,Europe,11994,California Public Employees Retirement System,103184,3127283,4124500,36264,321.3,0.903846154,6386200
9/30/2005,2005,3,20053,14,3,12675,Healthcap IV,Venture Capital,HealthCap Ventures,1/1/2002,2002,1,Europe,11994,California Public Employees Retirement System,103184,3106131,3931601,36264,321.3,0.903846154,6451391
6/30/2005,2005,2,20052,13,3,12675,Healthcap IV,Venture Capital,HealthCap Ventures,1/1/2002,2002,1,Europe,11994,California Public Employees Retirement System,103184,3104426,3931601,36264,321.3,0.903846154,6423703
3/31/2005,2005,1,20051,12,3,12675,Healthcap IV,Venture Capital,HealthCap Ventures,1/1/2002,2002,1,Europe,11994,California Public Employees Retirement System,103184,2623046,3200651,26465,321.3,0.903846154,6738651
12/31/2004,2004,4,20044,11,2,12675,Healthcap IV,Venture Capital,HealthCap Ventures,1/1/2002,2002,1,Europe,11994,California Public Employees Retirement System,103184,2112124,2385968,27709,321.3,0.903846154,7003668
9/30/2004,2004,3,20043,10,2,12675,Healthcap IV,Venture Capital,HealthCap Ventures,1/1/2002,2002,1,Europe,11994,California Public Employees Retirement System,103184,1939698,2385968,27709,321.3,0.903846154,6537018
6/30/2004,2004,2,20042,9,2,12675,Healthcap IV,Venture Capital,HealthCap Ventures,1/1/2002,2002,1,Europe,11994,California Public Employees Retirement System,103184,2025083,2385968,27709,321.3,0.903846154,6427218
3/31/2004,2004,1,20041,8,2,12675,Healthcap IV,Venture Capital,HealthCap Ventures,1/1/2002,2002,1,Europe,11994,California Public Employees Retirement System,103184,1315077,1659741,0,321.3,0.903846154,6537018
12/31/2003,2003,4,20034,7,1,12675,Healthcap IV,Venture Capital,HealthCap Ventures,1/1/2002,2002,1,Europe,11994,California Public Employees Retirement System,103184,1424075,1524760,0,321.3,0.903846154,6537018
9/30/2003,2003,3,20033,6,1,12675,Healthcap IV,Venture Capital,HealthCap Ventures,1/1/2002,2002,1,Europe,11994,California Public Employees Retirement System,103184,1011289,1258850,0,321.3,0.903846154,6537018
6/30/2003,2003,2,20032,5,1,12675,Healthcap IV,Venture Capital,HealthCap Ventures,1/1/2002,2002,1,Europe,11994,California Public Employees Retirement System,103184,568838,770087,0,321.3,0.903846154,6537018
12/31/2002,2002,4,20024,3,0,12675,Healthcap IV,Venture Capital,HealthCap Ventures,1/1/2002,2002,1,Europe,11994,California Public Employees Retirement System,103184,644148.06,769869.99,0,321.3,0.903846154,6537018.45
3/31/2015,2015,1,20151,11,3,40071,HV Holtzbrinck Ventures Fund V,Venture Capital,Holtzbrinck Ventures,5/1/2012,2012,2,Europe,17686,Nevada Public Employees Retirement System,54430,8223000,8591000,2390000,196.6358417,1.090909091,11397000
12/31/2014,2014,4,20144,10,2,40071,HV Holtzbrinck Ventures Fund V,Venture Capital,Holtzbrinck Ventures,5/1/2012,2012,2,Europe,17686,Nevada Public Employees Retirement System,54430,9885000,7710000,93000,196.6358417,1.090909091,11768000
9/30/2014,2014,3,20143,9,2,40071,HV Holtzbrinck Ventures Fund V,Venture Capital,Holtzbrinck Ventures,5/1/2012,2012,2,Europe,17686,Nevada Public Employees Retirement System,54430,8109000,6717000,93000,196.6358417,1.090909091,11960000
6/30/2014,2014,2,20142,8,2,40071,HV Holtzbrinck Ventures Fund V,Venture Capital,Holtzbrinck Ventures,5/1/2012,2012,2,Europe,17686,Nevada Public Employees Retirement System,54430,6368000,5395000,93000,196.6358417,1.090909091,12398000
3/31/2014,2014,1,20141,7,2,40071,HV Holtzbrinck Ventures Fund V,Venture Capital,Holtzbrinck Ventures,5/1/2012,2012,2,Europe,17686,Nevada Public Employees Retirement System,54430,5781000,5395000,51000,196.6358417,1.090909091,12451000
12/31/2013,2013,4,20134,6,1,40071,HV Holtzbrinck Ventures Fund V,Venture Capital,Holtzbrinck Ventures,5/1/2012,2012,2,Europe,17686,Nevada Public Employees Retirement System,54430,4298000,3877000,51000,196.6358417,1.090909091,12469000
9/30/2013,2013,3,20133,5,1,40071,HV Holtzbrinck Ventures Fund V,Venture Capital,Holtzbrinck Ventures,5/1/2012,2012,2,Europe,17686,Nevada Public Employees Retirement System,54430,2602000,3043000,51000,196.6358417,1.090909091,12316000
6/30/2013,2013,2,20132,4,1,40071,HV Holtzbrinck Ventures Fund V,Venture Capital,Holtzbrinck Ventures,5/1/2012,2012,2,Europe,17686,Nevada Public Employees Retirement System,54430,2113000,2521000,51000,196.6358417,1.090909091,11965000
3/31/2013,2013,1,20131,3,1,40071,HV Holtzbrinck Ventures Fund V,Venture Capital,Holtzbrinck Ventures,5/1/2012,2012,2,Europe,17686,Nevada Public Employees Retirement System,54430,1469000,1811000,51000,196.6358417,1.090909091,11802000
12/31/2012,2012,4,20124,2,0,40071,HV Holtzbrinck Ventures Fund V,Venture Capital,Holtzbrinck Ventures,5/1/2012,2012,2,Europe,17686,Nevada Public Employees Retirement System,54430,1383000,1545000,0,196.6358417,1.090909091,12106000
9/30/2012,2012,3,20123,1,0,40071,HV Holtzbrinck Ventures Fund V,Venture Capital,Holtzbrinck Ventures,5/1/2012,2012,2,Europe,17686,Nevada Public Employees Retirement System,54430,736000,860000,0,196.6358417,1.090909091,11808000
3/31/2015,2015,1,20151,56,14,12813,Index Ventures II,Venture Capital,Index Ventures,1/1/2001,2001,1,Europe,11994,California Public Employees Retirement System,103177,733788,4989255,8541676,300,0.875,5000000
12/31/2014,2014,4,20144,55,13,12813,Index Ventures II,Venture Capital,Index Ventures,1/1/2001,2001,1,Europe,11994,California Public Employees Retirement System,103177,749282,4989255,8541676,300,0.875,5000000
9/30/2014,2014,3,20143,54,13,12813,Index Ventures II,Venture Capital,Index Ventures,1/1/2001,2001,1,Europe,11994,California Public Employees Retirement System,103177,761200,4989255,8541676,300,0.875,5000000
6/30/2014,2014,2,20142,53,13,12813,Index Ventures II,Venture Capital,Index Ventures,1/1/2001,2001,1,Europe,11994,California Public Employees Retirement System,103177,888961,4989255,8475388,300,0.875,5000000
3/31/2014,2014,1,20141,52,13,12813,Index Ventures II,Venture Capital,Index Ventures,1/1/2001,2001,1,Europe,11994,California Public Employees Retirement System,103177,895019,4989255,8475388,300,0.875,5000000
12/31/2013,2013,4,20134,51,12,12813,Index Ventures II,Venture Capital,Index Ventures,1/1/2001,2001,1,Europe,11994,California Public Employees Retirement System,103177,898480,4989255,8475388,300,0.875,5000000
9/30/2013,2013,3,20133,50,12,12813,Index Ventures II,Venture Capital,Index Ventures,1/1/2001,2001,1,Europe,11994,California Public Employees Retirement System,103177,952743,4989255,8475388,300,0.875,5000000
6/30/2013,2013,2,20132,49,12,12813,Index Ventures II,Venture Capital,Index Ventures,1/1/2001,2001,1,Europe,11994,California Public Employees Retirement System,103177,956113,4989255,8475388,300,0.875,5000000
3/31/2013,2013,1,20131,48,12,12813,Index Ventures II,Venture Capital,Index Ventures,1/1/2001,2001,1,Europe,11994,California Public Employees Retirement System,103177,961125,4989255,8475388,300,0.875,5000000
12/31/2012,2012,4,20124,47,11,12813,Index Ventures II,Venture Capital,Index Ventures,1/1/2001,2001,1,Europe,11994,California Public Employees Retirement System,103177,966545,4989255,8475388,300,0.875,5000000
9/30/2012,2012,3,20123,46,11,12813,Index Ventures II,Venture Capital,Index Ventures,1/1/2001,2001,1,Europe,11994,California Public Employees Retirement System,103177,1192466,4989255,8257320,300,0.875,5000000
6/30/2012,2012,2,20122,45,11,12813,Index Ventures II,Venture Capital,Index Ventures,1/1/2001,2001,1,Europe,11994,California Public Employees Retirement System,103177,1073969,4989255,8257320,300,0.875,5000000
3/31/2012,2012,1,20121,44,11,12813,Index Ventures II,Venture Capital,Index Ventures,1/1/2001,2001,1,Europe,11994,California Public Employees Retirement System,103177,1062588,4989255,8257320,300,0.875,5000000
12/31/2011,2011,4,20114,43,10,12813,Index Ventures II,Venture Capital,Index Ventures,1/1/2001,2001,1,Europe,11994,California Public Employees Retirement System,103177,1087588,4989255,8257320,300,0.875,5000000
9/30/2011,2011,3,20113,42,10,12813,Index Ventures II,Venture Capital,Index Ventures,1/1/2001,2001,1,Europe,11994,California Public Employees Retirement System,103177,1175321,4989255,8184218,300,0.875,5000000
6/30/2011,2011,2,20112,41,10,12813,Index Ventures II,Venture Capital,Index Ventures,1/1/2001,2001,1,Europe,11994,California Public Employees Retirement System,103177,961660,4989255,8184218,300,0.875,5000000
3/31/2011,2011,1,20111,40,10,12813,Index Ventures II,Venture Capital,Index Ventures,1/1/2001,2001,1,Europe,11994,California Public Employees Retirement System,103177,981090,4989255,8184218,300,0.875,5000000
12/31/2010,2010,4,20104,39,9,12813,Index Ventures II,Venture Capital,Index Ventures,1/1/2001,2001,1,Europe,11994,California Public Employees Retirement System,103177,1282071,4989255,7878906,300,0.875,5000000
9/30/2010,2010,3,20103,38,9,12813,Index Ventures II,Venture Capital,Index Ventures,1/1/2001,2001,1,Europe,11994,California Public Employees Retirement System,103177,1321091,4989255,7878906,300,0.875,5000000
6/30/2010,2010,2,20102,37,9,12813,Index Ventures II,Venture Capital,Index Ventures,1/1/2001,2001,1,Europe,11994,California Public Employees Retirement System,103177,1693130,4989255,7878906,300,0.875,5000000
12/31/2009,2009,4,20094,35,8,12813,Index Ventures II,Venture Capital,Index Ventures,1/1/2001,2001,1,Europe,11994,California Public Employees Retirement System,103177,2525861,4989255,7194801,300,0.875,5000000
6/30/2009,2009,2,20092,33,8,12813,Index Ventures II,Venture Capital,Index Ventures,1/1/2001,2001,1,Europe,11994,California Public Employees Retirement System,103177,2550121,4989255,7062224,300,0.875,5000000
3/31/2009,2009,1,20091,32,8,12813,Index Ventures II,Venture Capital,Index Ventures,1/1/2001,2001,1,Europe,11994,California Public Employees Retirement System,103177,2580493,4989255,7062224,300,0.875,5000000
12/31/2008,2008,4,20084,31,7,12813,Index Ventures II,Venture Capital,Index Ventures,1/1/2001,2001,1,Europe,11994,California Public Employees Retirement System,103177,2778576,4989255,7062224,300,0.875,5000000
9/30/2008,2008,3,20083,30,7,12813,Index Ventures II,Venture Capital,Index Ventures,1/1/2001,2001,1,Europe,11994,California Public Employees Retirement System,103177,2859994,4989255,7062224,300,0.875,5000000
6/30/2008,2008,2,20082,29,7,12813,Index Ventures II,Venture Capital,Index Ventures,1/1/2001,2001,1,Europe,11994,California Public Employees Retirement System,103177,3415883,4943976,7062225,300,0.875,5000000
3/31/2008,2008,1,20081,28,7,12813,Index Ventures II,Venture Capital,Index Ventures,1/1/2001,2001,1,Europe,11994,California Public Employees Retirement System,103177,3912365,4943976,6526793,300,0.875,5000000
12/31/2007,2007,4,20074,27,6,12813,Index Ventures II,Venture Capital,Index Ventures,1/1/2001,2001,1,Europe,11994,California Public Employees Retirement System,103177,4265706,4887261,5395306,300,0.875,5000000
9/30/2007,2007,3,20073,26,6,12813,Index Ventures II,Venture Capital,Index Ventures,1/1/2001,2001,1,Europe,11994,California Public Employees Retirement System,103177,3490829,4703416,4981756,300,0.875,5000000
6/30/2007,2007,2,20072,25,6,12813,Index Ventures II,Venture Capital,Index Ventures,1/1/2001,2001,1,Europe,11994,California Public Employees Retirement System,103177,3201423,4454449,4981756,300,0.875,5000000
3/31/2007,2007,1,20071,24,6,12813,Index Ventures II,Venture Capital,Index Ventures,1/1/2001,2001,1,Europe,11994,California Public Employees Retirement System,103177,3118324,4454449,4775639,300,0.875,5000000
12/31/2006,2006,4,20064,23,5,12813,Index Ventures II,Venture Capital,Index Ventures,1/1/2001,2001,1,Europe,11994,California Public Employees Retirement System,103177,3878327,4454449,4110144,300,0.875,5000000
9/30/2006,2006,3,20063,22,5,12813,Index Ventures II,Venture Capital,Index Ventures,1/1/2001,2001,1,Europe,11994,California Public Employees Retirement System,103177,3765801,4239643,3969355,300,0.875,5000000
6/30/2006,2006,2,20062,21,5,12813,Index Ventures II,Venture Capital,Index Ventures,1/1/2001,2001,1,Europe,11994,California Public Employees Retirement System,103177,3295688,3882032,3969355,300,0.875,5000000
12/31/2005,2005,4,20054,19,4,12813,Index Ventures II,Venture Capital,Index Ventures,1/1/2001,2001,1,Europe,11994,California Public Employees Retirement System,103177,3546595,3645745,3607264,300,0.875,5000000
3/31/2005,2005,1,20051,16,4,12813,Index Ventures II,Venture Capital,Index Ventures,1/1/2001,2001,1,Europe,11994,California Public Employees Retirement System,103177,2411223,2790984,382865,300,0.875,5000000
12/31/2004,2004,4,20044,15,3,12813,Index Ventures II,Venture Capital,Index Ventures,1/1/2001,2001,1,Europe,11994,California Public Employees Retirement System,103177,1956096,2420097,382865,300,0.875,5000000
9/30/2004,2004,3,20043,14,3,12813,Index Ventures II,Venture Capital,Index Ventures,1/1/2001,2001,1,Europe,11994,California Public Employees Retirement System,103177,1840973,2273724,382865,300,0.875,5000000
6/30/2004,2004,2,20042,13,3,12813,Index Ventures II,Venture Capital,Index Ventures,1/1/2001,2001,1,Europe,11994,California Public Employees Retirement System,103177,1715912,2059437,0,300,0.875,5000000
3/31/2004,2004,1,20041,12,3,12813,Index Ventures II,Venture Capital,Index Ventures,1/1/2001,2001,1,Europe,11994,California Public Employees Retirement System,103177,1397915,1771241,0,300,0.875,5000000
12/31/2003,2003,4,20034,11,2,12813,Index Ventures II,Venture Capital,Index Ventures,1/1/2001,2001,1,Europe,11994,California Public Employees Retirement System,103177,907776,1206922,0,300,0.875,5000000
9/30/2003,2003,3,20033,10,2,12813,Index Ventures II,Venture Capital,Index Ventures,1/1/2001,2001,1,Europe,11994,California Public Employees Retirement System,103177,834624,1110766,0,300,0.875,5000000
6/30/2003,2003,2,20032,9,2,12813,Index Ventures II,Venture Capital,Index Ventures,1/1/2001,2001,1,Europe,11994,California Public Employees Retirement System,103177,591222,851915,0,300,0.875,5000000
3/31/2003,2003,1,20031,8,2,12813,Index Ventures II,Venture Capital,Index Ventures,1/1/2001,2001,1,Europe,11994,California Public Employees Retirement System,103177,383813,566100,0,300,0.875,5000000
12/31/2002,2002,4,20024,7,1,12813,Index Ventures II,Venture Capital,Index Ventures,1/1/2001,2001,1,Europe,11994,California Public Employees Retirement System,103177,479019.8,714016.98,0,300,0.875,5000000
6/30/2002,2002,2,20022,5,1,12813,Index Ventures II,Venture Capital,Index Ventures,1/1/2001,2001,1,Europe,11994,California Public Employees Retirement System,103177,383813,566100,0,300,0.875,5000000
3/31/2002,2002,1,20021,4,1,12813,Index Ventures II,Venture Capital,Index Ventures,1/1/2001,2001,1,Europe,11994,California Public Employees Retirement System,103177,384608,537861,0,300,0.875,5000000
12/31/2001,2001,4,20014,3,0,12813,Index Ventures II,Venture Capital,Index Ventures,1/1/2001,2001,1,Europe,11994,California Public Employees Retirement System,103177,239692,363594,0,300,0.875,5000000
9/30/2001,2001,3,20013,2,0,12813,Index Ventures II,Venture Capital,Index Ventures,1/1/2001,2001,1,Europe,11994,California Public Employees Retirement System,103177,183703,286199,0,300,0.875,5000000
3/31/2015,2015,1,20151,40,10,12814,Index Ventures III,Venture Capital,Index Ventures,1/1/2005,2005,1,Europe,11994,California Public Employees Retirement System,103233,4341514,5296179,8752969,337.0900143,0.85,5296179
12/31/2014,2014,4,20144,39,9,12814,Index Ventures III,Venture Capital,Index Ventures,1/1/2005,2005,1,Europe,11994,California Public Employees Retirement System,103233,4889442,5220977,7143125,337.0900143,0.85,5300991
9/30/2014,2014,3,20143,38,9,12814,Index Ventures III,Venture Capital,Index Ventures,1/1/2005,2005,1,Europe,11994,California Public Employees Retirement System,103233,6157306,5220977,5258998,337.0900143,0.85,5304486
6/30/2014,2014,2,20142,37,9,12814,Index Ventures III,Venture Capital,Index Ventures,1/1/2005,2005,1,Europe,11994,California Public Employees Retirement System,103233,7926267,5220977,5258998,337.0900143,0.85,5310832
3/31/2014,2014,1,20141,36,9,12814,Index Ventures III,Venture Capital,Index Ventures,1/1/2005,2005,1,Europe,11994,California Public Employees Retirement System,103233,7534963,5220977,5258998,337.0900143,0.85,5311509
12/31/2013,2013,4,20134,35,8,12814,Index Ventures III,Venture Capital,Index Ventures,1/1/2005,2005,1,Europe,11994,California Public Employees Retirement System,103233,8332527,5220977,2804237,337.0900143,0.85,5311602
9/30/2013,2013,3,20133,34,8,12814,Index Ventures III,Venture Capital,Index Ventures,1/1/2005,2005,1,Europe,11994,California Public Employees Retirement System,103233,7334724,5220977,2545272,337.0900143,0.85,5310002
6/30/2013,2013,2,20132,33,8,12814,Index Ventures III,Venture Capital,Index Ventures,1/1/2005,2005,1,Europe,11994,California Public Employees Retirement System,103233,6009570,5220977,2545272,337.0900143,0.85,5306632
3/31/2013,2013,1,20131,32,8,12814,Index Ventures III,Venture Capital,Index Ventures,1/1/2005,2005,1,Europe,11994,California Public Employees Retirement System,103233,6378657,5220977,2157300,337.0900143,0.85,5305368
12/31/2012,2012,4,20124,31,7,12814,Index Ventures III,Venture Capital,Index Ventures,1/1/2005,2005,1,Europe,11994,California Public Employees Retirement System,103233,6392935,5072992,2001267,337.0900143,0.85,5305050
9/30/2012,2012,3,20123,30,7,12814,Index Ventures III,Venture Capital,Index Ventures,1/1/2005,2005,1,Europe,11994,California Public Employees Retirement System,103233,6199095,5072992,1817931,337.0900143,0.85,5298765
6/30/2012,2012,2,20122,29,7,12814,Index Ventures III,Venture Capital,Index Ventures,1/1/2005,2005,1,Europe,11994,California Public Employees Retirement System,103233,6322653,5072992,1608522,337.0900143,0.85,5293814
3/31/2012,2012,1,20121,28,7,12814,Index Ventures III,Venture Capital,Index Ventures,1/1/2005,2005,1,Europe,11994,California Public Employees Retirement System,103233,6056076,5072992,1375641,337.0900143,0.85,5307174
12/31/2011,2011,4,20114,27,6,12814,Index Ventures III,Venture Capital,Index Ventures,1/1/2005,2005,1,Europe,11994,California Public Employees Retirement System,103233,5844686,4944957,1375641,337.0900143,0.85,5297041
9/30/2011,2011,3,20113,26,6,12814,Index Ventures III,Venture Capital,Index Ventures,1/1/2005,2005,1,Europe,11994,California Public Employees Retirement System,103233,6175010,4944957,1102897,337.0900143,0.85,5314659
6/30/2011,2011,2,20112,25,6,12814,Index Ventures III,Venture Capital,Index Ventures,1/1/2005,2005,1,Europe,11994,California Public Employees Retirement System,103233,5293454,4731561,1102897,337.0900143,0.85,5338709
3/31/2011,2011,1,20111,24,6,12814,Index Ventures III,Venture Capital,Index Ventures,1/1/2005,2005,1,Europe,11994,California Public Employees Retirement System,103233,4796293,4731561,1102897,337.0900143,0.85,5326390
12/31/2010,2010,4,20104,23,5,12814,Index Ventures III,Venture Capital,Index Ventures,1/1/2005,2005,1,Europe,11994,California Public Employees Retirement System,103233,4278581,4603557,1102897,337.0900143,0.85,5284520
9/30/2010,2010,3,20103,22,5,12814,Index Ventures III,Venture Capital,Index Ventures,1/1/2005,2005,1,Europe,11994,California Public Employees Retirement System,103233,4303622,4441797,1102897,337.0900143,0.85,5302610
6/30/2010,2010,2,20102,21,5,12814,Index Ventures III,Venture Capital,Index Ventures,1/1/2005,2005,1,Europe,11994,California Public Employees Retirement System,103233,3861135,4367669,1060132,337.0900143,0.85,5209732
12/31/2009,2009,4,20094,19,4,12814,Index Ventures III,Venture Capital,Index Ventures,1/1/2005,2005,1,Europe,11994,California Public Employees Retirement System,103233,4437471,4301604,976251,337.0900143,0.85,5360879
6/30/2009,2009,2,20092,17,4,12814,Index Ventures III,Venture Capital,Index Ventures,1/1/2005,2005,1,Europe,11994,California Public Employees Retirement System,103233,4509573,3943995,976251,337.0900143,0.85,5332790
3/31/2009,2009,1,20091,16,4,12814,Index Ventures III,Venture Capital,Index Ventures,1/1/2005,2005,1,Europe,11994,California Public Employees Retirement System,103233,4282212,3943995,976251,337.0900143,0.85,5249747
12/31/2008,2008,4,20084,15,3,12814,Index Ventures III,Venture Capital,Index Ventures,1/1/2005,2005,1,Europe,11994,California Public Employees Retirement System,103233,4878686,3722468,976251,337.0900143,0.85,5358266
6/30/2008,2008,2,20082,13,3,12814,Index Ventures III,Venture Capital,Index Ventures,1/1/2005,2005,1,Europe,11994,California Public Employees Retirement System,103233,6147581,3331967,815201,337.0900143,0.85,5593216
3/31/2008,2008,1,20081,12,3,12814,Index Ventures III,Venture Capital,Index Ventures,1/1/2005,2005,1,Europe,11994,California Public Employees Retirement System,103233,6345087,3331968,755846,337.0900143,0.85,5593360
12/31/2007,2007,4,20074,11,2,12814,Index Ventures III,Venture Capital,Index Ventures,1/1/2005,2005,1,Europe,11994,California Public Employees Retirement System,103233,5784009,3331967,701621,337.0900143,0.85,5440072
9/30/2007,2007,3,20073,10,2,12814,Index Ventures III,Venture Capital,Index Ventures,1/1/2005,2005,1,Europe,11994,California Public Employees Retirement System,103233,5075652,2879787,701621,337.0900143,0.85,5366433
6/30/2007,2007,2,20072,9,2,12814,Index Ventures III,Venture Capital,Index Ventures,1/1/2005,2005,1,Europe,11994,California Public Employees Retirement System,103233,4180126,2807398,701620,337.0900143,0.85,5226251
3/31/2007,2007,1,20071,8,2,12814,Index Ventures III,Venture Capital,Index Ventures,1/1/2005,2005,1,Europe,11994,California Public Employees Retirement System,103233,3556290,2314352,0,337.0900143,0.85,5198709
12/31/2006,2006,4,20064,7,1,12814,Index Ventures III,Venture Capital,Index Ventures,1/1/2005,2005,1,Europe,11994,California Public Employees Retirement System,103233,2970251,2163952,0,337.0900143,0.85,5170534
9/30/2006,2006,3,20063,6,1,12814,Index Ventures III,Venture Capital,Index Ventures,1/1/2005,2005,1,Europe,11994,California Public Employees Retirement System,103233,2510601,1761326,0,337.0900143,0.85,5036268
6/30/2006,2006,2,20062,5,1,12814,Index Ventures III,Venture Capital,Index Ventures,1/1/2005,2005,1,Europe,11994,California Public Employees Retirement System,103233,1590941,1357394,0,337.0900143,0.85,4995603
12/31/2005,2005,4,20054,3,0,12814,Index Ventures III,Venture Capital,Index Ventures,1/1/2005,2005,1,Europe,11994,California Public Employees Retirement System,103233,742565,878852,0,337.0900143,0.85,4763940
3/31/2015,2015,1,20151,15,4,37163,LC Fund V,Venture Capital,LC Capital,6/1/2011,2011,2,Europe,358412,Texas County & District Retirement System,45975,6483000,4254000,7000,215,1,5000000
12/31/2014,2014,4,20144,14,3,37163,LC Fund V,Venture Capital,LC Capital,6/1/2011,2011,2,Europe,358412,Texas County & District Retirement System,45975,6209000,4035000,7000,215,1,5000000
9/30/2014,2014,3,20143,13,3,37163,LC Fund V,Venture Capital,LC Capital,6/1/2011,2011,2,Europe,358412,Texas County & District Retirement System,45975,5365000,3972000,0,215,1,5000000
6/30/2014,2014,2,20142,12,3,37163,LC Fund V,Venture Capital,LC Capital,6/1/2011,2011,2,Europe,358412,Texas County & District Retirement System,45975,4134000,3681000,0,215,1,5000000
3/31/2014,2014,1,20141,11,3,37163,LC Fund V,Venture Capital,LC Capital,6/1/2011,2011,2,Europe,358412,Texas County & District Retirement System,45975,3650000,3421000,0,215,1,5000000
12/31/2013,2013,4,20134,10,2,37163,LC Fund V,Venture Capital,LC Capital,6/1/2011,2011,2,Europe,358412,Texas County & District Retirement System,45975,3385000,3308000,0,215,1,5000000
9/30/2013,2013,3,20133,9,2,37163,LC Fund V,Venture Capital,LC Capital,6/1/2011,2011,2,Europe,358412,Texas County & District Retirement System,45975,3287000,3065000,0,215,1,5000000
6/30/2013,2013,2,20132,8,2,37163,LC Fund V,Venture Capital,LC Capital,6/1/2011,2011,2,Europe,358412,Texas County & District Retirement System,45975,2958000,2843000,0,215,1,5000000
3/31/2013,2013,1,20131,7,2,37163,LC Fund V,Venture Capital,LC Capital,6/1/2011,2011,2,Europe,358412,Texas County & District Retirement System,45975,2902000,2738000,0,215,1,5000000
12/31/2012,2012,4,20124,6,1,37163,LC Fund V,Venture Capital,LC Capital,6/1/2011,2011,2,Europe,358412,Texas County & District Retirement System,45975,2698000,2565000,0,215,1,5000000
9/30/2012,2012,3,20123,5,1,37163,LC Fund V,Venture Capital,LC Capital,6/1/2011,2011,2,Europe,358412,Texas County & District Retirement System,45975,2231000,2380000,0,215,1,5000000
6/30/2012,2012,2,20122,4,1,37163,LC Fund V,Venture Capital,LC Capital,6/1/2011,2011,2,Europe,358412,Texas County & District Retirement System,45975,2079000,2225000,0,215,1,5000000
3/31/2012,2012,1,20121,3,1,37163,LC Fund V,Venture Capital,LC Capital,6/1/2011,2011,2,Europe,358412,Texas County & District Retirement System,45975,1932000,2046000,0,215,1,5000000
9/30/2011,2011,3,20113,1,0,37163,LC Fund V,Venture Capital,LC Capital,6/1/2011,2011,2,Europe,358412,Texas County & District Retirement System,45975,794000,843000,0,215,1,5000000
