LP EntityID,LP EntityName,2007,2008,2009,2010,2011,2012,2013,2014,2015
591873,The Charlotte-Mecklenburg Hospital Authority Funded Depreciation Fund,#N/A,#N/A,#N/A,#N/A,#N/A,2,#N/A,#N/A,#N/A
591874,The Charlotte-Mecklenburg Hospital Authority Defined Benefit Pension Fund,#N/A,#N/A,1,#N/A,#N/A,3,1,#N/A,#N/A
541355,Rio Tinto America Retirement Plan,#N/A,#N/A,No Data,No Data,11,8,12,#N/A,#N/A
473094,National Elevator Industry Pension Plan,#N/A,#N/A,#N/A,8,10,17,22,#N/A,#N/A
591880,BayCare Health System Retirement Plan,#N/A,#N/A,2,1,3,4,1,#N/A,#N/A
473005,Mars U.S. Retirement Plan,#N/A,#N/A,57,64,70,73,77,In India,#N/A
473098,Motion Picture Industry Pension Plan,#N/A,#N/A,8,5,1,2,4,#N/A,#N/A
591884,Catholic Health Partners Erisa Retirement Trust,#N/A,#N/A,#N/A,#N/A,1,4,#N/A,#N/A,#N/A
591886,Chrysler Canada Inc. Non-Canadian Master Trust Fund,#N/A,#N/A,#N/A,#N/A,2,5,2,#N/A,#N/A
473105,Southern California Edison Company Retirement Plan Trust,#N/A,#N/A,20,19,21,22,18,#N/A,#N/A
473106,Northern California Carpenters,#N/A,#N/A,No Data,No Data,#N/A,2,4,#N/A,#N/A
473091,1199 SEIU Regional Pension Fund,#N/A,#N/A,3,2,3,2,3,#N/A,#N/A
473108,Plumbers and Pipefitters National Pension Fund,#N/A,#N/A,#N/A,4,5,5,6,8,#N/A
588462,New Jersey Health Care Employers Pension Plan,#N/A,#N/A,Completed By Ranjit,2,1,2,3,#N/A,#N/A
473114,Emerson Electric Company Retirement Plan,#N/A,#N/A,13,14,15,20,19,In India,#N/A
472751,Akzo Nobel Corporate Pension,#N/A,#N/A,#N/A,17,#N/A,16,16,#N/A,#N/A
473116,American Electric Power System Retirement Plan,#N/A,#N/A,2,15,21,2,36,#N/A,#N/A
538970,Pilot Retirement Benefit Program Fixed Income Plan,#N/A,#N/A,51,47,48,59,56,#N/A,#N/A
473119,New York City District Council of Carpenters Welfare Fund,#N/A,#N/A,#N/A,4,4,7,7,7,#N/A
473120,International Union of Painters and Allied Trades Employee Benefits Plan,#N/A,#N/A,9,9,10,10,10,#N/A,#N/A
618529,Harley Davidson Retirement Plan,#N/A,#N/A,No Data,No Data,No Data,4,4,#N/A,#N/A
591908,The Scripps Research Institute Cash Balance Retirement Plan,#N/A,#N/A,1,#N/A,1,2,#N/A,#N/A,#N/A
473125,New England Carpenters Pension Fund,#N/A,#N/A,37,7,72,84,95,#N/A,#N/A
473127,Midwest Operating Engineers Pension Trust Fund,#N/A,#N/A,#N/A,4,1,#N/A,5,#N/A,#N/A
473128,New England Teamsters & Trucking Industry Pension,#N/A,#N/A,#N/A,12,6,11,16,#N/A,#N/A
473129,Screen Actors Guild-Producers Pension Plan,#N/A,#N/A,4,5,1,2,2,#N/A,#N/A
473131,Electrical Contractors Association and Local Union 134 IBEW Joint Pension Trust of Chicago,#N/A,#N/A,No Data,No Data,#N/A,1,1,1,#N/A
587984,Blue Cross and Blue Shield National Retirement Trust,#N/A,#N/A,2,2,1,1,3,In India,#N/A
473133,New Jersey Carpenters Fund,#N/A,#N/A,#N/A,#N/A,#N/A,2,#N/A,#N/A,#N/A
473135,Ohio Carpenters' Pension Plan,#N/A,#N/A,#N/A,55,62,74,81,102,#N/A
473136,Steel Workers Pension Trust,#N/A,#N/A,No Data,No Data,No Data,4,6,#N/A,#N/A
473139,Directors Guild of America-Producer Pension Plan Basic Benefit Plan,#N/A,#N/A,#N/A,#N/A,1,8,9,#N/A,#N/A
540727,Marathon Petroleum Retirement Plan,#N/A,#N/A,#N/A,#N/A,#N/A,27,#N/A,#N/A,#N/A
473146,ITT Salaried Retirement Plan,#N/A,#N/A,57,#N/A,#N/A,#N/A,#N/A,#N/A,#N/A
473147,Producer-Writers Guild of America Pension Plan,#N/A,#N/A,25,41,64,71,92,#N/A,#N/A
618558,Hewlett-Packard Master Trust,#N/A,#N/A,#N/A,313,315,314,311,#N/A,#N/A
544834,Qantas Superannuation Plan,#N/A,#N/A,1,#N/A,1,#N/A,#N/A,#N/A,#N/A
473157,New York State Teamsters Conference Pension & Retirement Fund,#N/A,#N/A,41,47,70,71,85,Completed By Ranjit,#N/A
473158,Laborers' International Union of North America,#N/A,#N/A,#N/A,#N/A,1,1,#N/A,#N/A,#N/A
543756,Major League Baseball Players Pension Plan,#N/A,#N/A,#N/A,1,2,#N/A,3,#N/A,#N/A
473170,American Federation of Musicians and Employers' Pension Fund And Subsidiary,#N/A,#N/A,#N/A,3,4,5,5,#N/A,#N/A
585813,UAW GM Retirees Medical Benefits Plan,#N/A,#N/A,#N/A,13,16,16,29,In India,#N/A
473175,Pension of Carpenter's Health & Welfare And Pension Funds,#N/A,#N/A,#N/A,8,8,10,9,#N/A,#N/A
473176,Laborers National Pension Fund,#N/A,#N/A,4,3,4,4,4,In India,#N/A
544858,Shell Pension Plan,#N/A,#N/A,1,3,8,13,17,#N/A,#N/A
473179,Sound Retirement Trust,#N/A,#N/A,No Data,#N/A,18,24,18,#N/A,#N/A
472735,Saint-Gobain Corporation Defined Benefit Master Trust,#N/A,#N/A,#N/A,#N/A,#N/A,3,#N/A,#N/A,#N/A
473181,Laborers Pension Trust Fund for Northern California,#N/A,#N/A,#N/A,#N/A,#N/A,1,1,#N/A,#N/A
473184,Laborers District Council and Contractors Pension Fund of Ohio,#N/A,#N/A,53,64,87,92,103,#N/A,#N/A
473186,Alaska Electrical Trust Funds,#N/A,#N/A,No Data,2,4,2,2,#N/A,#N/A
544867,Retirement Program Plan for Employees of Certain Employers at the U.S. Department of Energy Facilities,#N/A,#N/A,22,22,22,22,23,#N/A,#N/A
543407,Newell Rubbermaid Pension Plan,#N/A,#N/A,5,Completed By Ranjit,6,5,6,#N/A,#N/A
622695,Directors Guild Of America - Producer Pension Plan,#N/A,3,7,1,6,#N/A,#N/A,#N/A,#N/A
614076,Thomas Jefferson University Pension Plan,#N/A,#N/A,#N/A,6,5,5,5,5,#N/A
472423,Beckman Coulter Pension Plan,#N/A,#N/A,4,4,No Data,#N/A,#N/A,#N/A,#N/A
540785,Marsh & McLennan Companies Master Retirement Trust,#N/A,#N/A,1,#N/A,1,75,69,#N/A,#N/A
540786,Nemours Foundation Pension Plan,#N/A,#N/A,18,25,39,45,53,#N/A,#N/A
620660,Frontier Communications Pension Plan Master Trust,#N/A,#N/A,#N/A,1,Completed By Ranjit,#N/A,#N/A,#N/A,#N/A
540792,Nestle Fondo De Pensiones,#N/A,#N/A,#N/A,#N/A,#N/A,1,#N/A,#N/A,#N/A
591892,National Girl Scout Council Retirement Plan,#N/A,#N/A,5,5,8,3,7,#N/A,#N/A
591893,Retirement Plan of the Girl Scouts of the USA,#N/A,#N/A,1,4,7,3,7,#N/A,#N/A
589964,New England Health Care Employees Pension Plan,#N/A,#N/A,2,2,Completed By Ranjit,4,4,In India,#N/A
473231,Carpenters Retirement Plan of Western Washington,#N/A,#N/A,6,7,7,6,7,In India,#N/A
620688,Indiana Laborers Welfare Fund,#N/A,#N/A,#N/A,1,1,#N/A,1,1,#N/A
589969,T & T Retirement Plan Group Trust Fund,#N/A,#N/A,6,6,Completed By Ranjit,6,7,In India,#N/A
582339,SBC Master Pension Trust,#N/A,#N/A,364,358,343,452,381,#N/A,#N/A
589972,CIC-TOC Pension Plan,#N/A,#N/A,2,5,5,6,1,#N/A,#N/A
589975,Meridian Health System,#N/A,#N/A,1,1,1,1,1,#N/A,#N/A
589977,Tree Top Pension Plan,#N/A,#N/A,3,No Data,No Data,4,4,#N/A,#N/A
473242,Automotive Industries Pension Trust Fund,#N/A,#N/A,1,3,4,5,5,#N/A,#N/A
589980,Southwest Ohio Regional Council of Carpenters Pension Plan,#N/A,#N/A,4,4,4,4,4,In India,#N/A
620701,Liuna Staff and Affiliates Pension Fund,#N/A,#N/A,1,#N/A,#N/A,1,1,In India,#N/A
473249,Twin City Carpenters And Joiners Pension Fund,#N/A,#N/A,8,7,8,8,7,In India,#N/A
473250,International Union of Operating Engineers (Local 324),#N/A,#N/A,#N/A,1,4,5,7,#N/A,#N/A
620708,"Operating Engineers Local 324, Defined Contribution Pension Plan",#N/A,#N/A,#N/A,#N/A,4,Completed By Ranjit,#N/A,12,#N/A
620709,Schneider Electric USA Common Trust,#N/A,#N/A,No Data,2,4,Completed By Ranjit,3,#N/A,#N/A
473254,Equity-League Pension Trust Fund,#N/A,#N/A,#N/A,3,4,4,3,#N/A,#N/A
473258,"Local 103, I.B.E.W. Health Benefit Plan",#N/A,#N/A,#N/A,1,1,11,11,#N/A,#N/A
589995,Stamford Health System Retirement Income Plan,#N/A,#N/A,5,5,5,6,7,#N/A,#N/A
473260,Pipe Trades Services MN Pension Plan,#N/A,#N/A,#N/A,4,5,8,9,10,#N/A
473262,United Food and Commercial Workers Unions & Employers Midwest Pension Fund,#N/A,#N/A,#N/A,8,11,16,18,#N/A,#N/A
589999,Twin City Ironworkers' Pension Plan,#N/A,#N/A,4,3,4,3,4,In India,#N/A
473265,Rocky Mountain UFCW Unions and Employers Pension Plan,#N/A,#N/A,No Data,2,No Data,2,2,#N/A,#N/A
596153,Mars Incorporated Retiree Health Care Plan,#N/A,#N/A,18,19,19,19,77,#N/A,#N/A
540858,Michigan Laborers' Pension Fund,#N/A,#N/A,#N/A,7,16,23,26,#N/A,#N/A
473276,Iron Workers Mid-America Pension Fund,#N/A,#N/A,5,5,Completed By Ranjit,5,5,#N/A,#N/A
540861,Massachusetts Laborers' Pension Fund,#N/A,#N/A,#N/A,40,46,52,57,In India,#N/A
590103,Milwaukee Drivers Pension Plan,#N/A,#N/A,1,1,2,2,4,#N/A,#N/A
543435,The Children's Hospital Corporation Pension Plan,#N/A,#N/A,#N/A,1,4,9,13,#N/A,#N/A
590020,I.A.T.S.E. Local 16 Pension Plan,#N/A,#N/A,1,1,3,1,1,#N/A,#N/A
587974,McWane Salaried Pension Plan,#N/A,#N/A,10,11,13,12,15,#N/A,#N/A
1136673,Edison International Welfare Benefit Plan,#N/A,#N/A,4,6,5,5,5,#N/A,#N/A
587976,Sullivan & Cromwell Master Trust,#N/A,#N/A,Completed By Ranjit,1,4,7,2,#N/A,#N/A
590025,International Associations of Machinists and Aerospace Workers District No. 9 Pension Plan,#N/A,#N/A,3,5,5,5,No Data,#N/A,#N/A
587980,The Children's Hospital of Philadelphia Master Trust,#N/A,#N/A,13,15,18,18,28,#N/A,#N/A
587982,Retirement Plan for Partners of Wilmer Cutler Pickering Hale and Dorr,#N/A,#N/A,9,10,5,12,14,#N/A,#N/A
590032,St. Clair Hospital Retirement Plan,#N/A,#N/A,#N/A,1,1,2,2,#N/A,#N/A
590037,Omaha Construction Industry Pension Plan,#N/A,#N/A,1,3,1,3,1,#N/A,#N/A
540367,LIUNA National Pension Fund,#N/A,#N/A,2,1,1,1,1,In India,#N/A
590046,Northwest Airlines Defined Benefit Master Trust,#N/A,#N/A,1,1,37,39,47,#N/A,#N/A
587999,U.A. Local 467 Defined Benefit Plan,#N/A,#N/A,17,16,16,16,No Data,#N/A,#N/A
473467,PepsiCo Defined Benefit Master Trust,#N/A,#N/A,No Data,No Data,No Data,Completed By Ranjit,3,In India,#N/A
588005,Children's Hospital Medical Center Retirement Plan,#N/A,#N/A,No Data,No Data,No Data,2,4,In India,#N/A
588008,Armstrong World Industries Retirement Master Trust,#N/A,#N/A,#N/A,3,18,No Data,18,#N/A,#N/A
590060,Enbridge Employee Services Employees' Pension Plan,#N/A,#N/A,No Data,No Data,1,1,3,#N/A,#N/A
588013,Northshore University HealthSystem,#N/A,#N/A,6,7,11,12,12,In India,#N/A
1007189,Unified Grocers Cash Balance Plan,#N/A,#N/A,#N/A,#N/A,#N/A,#N/A,5,#N/A,#N/A
540915,Mid-Atlantic Regional Council of Carpenters' Pension Plan,#N/A,#N/A,1,1,2,1,2,#N/A,#N/A
588020,Cleveland Bakers and Teamsters Pension Fund,#N/A,#N/A,Completed By Ranjit,No Data,Completed By Ranjit,2,2,#N/A,#N/A
590069,Vencore Pension Plan,#N/A,#N/A,#N/A,No Data,No Data,No Data,1,#N/A,#N/A
473334,Automotive Machinists Pension Plan,#N/A,#N/A,13,17,20,19,19,#N/A,#N/A
588023,Umass Memorial Medical Center Pension Plan,#N/A,#N/A,No Data,No Data,2,2,4,#N/A,#N/A
473338,Southern California Pipe Trades Retirement Fund,#N/A,#N/A,4,3,5,6,7,#N/A,#N/A
473347,Indiana Laborers Pension Fund,#N/A,#N/A,#N/A,6,3,6,5,#N/A,#N/A
588503,Father Flanagan's Boys' Home Pension Master Trust,#N/A,#N/A,25,25,23,22,22,#N/A,#N/A
590101,Building Trades Pension Plan of Western Pennsylvania,#N/A,#N/A,1,Completed By Ranjit,1,Completed By Ranjit,1,#N/A,#N/A
473366,Supervalu Retirement Plan,#N/A,#N/A,#N/A,#N/A,#N/A,1,1,#N/A,#N/A
473367,The Sears Holdings 401(k) Savings Plan Master Trust,#N/A,#N/A,25,23,18,14,14,#N/A,#N/A
588056,UAW Ford Retirees Medical Benefits Plan,#N/A,#N/A,#N/A,No Data,2,5,17,In India,#N/A
473369,Target Corporation Pension Plan,#N/A,#N/A,57,58,58,55,56,In India,#N/A
473370,Bristol-Myers Squibb Co. Master Retirement Trust,#N/A,#N/A,117,118,119,119,No Data,#N/A,#N/A
540719,Nationwide Retirement Plan,#N/A,#N/A,24,26,33,36,48,#N/A,#N/A
473372,Duke Energy Corporation Master Trust,#N/A,#N/A,2,3,No Data,6,27,#N/A,#N/A
473373,Xerox Corporation Savings Plan,#N/A,#N/A,11,10,11,15,12,#N/A,#N/A
985375,Laborers Local Union No. 1298 of Nassau & Suffolk Counties - Pension Fund,#N/A,#N/A,#N/A,#N/A,#N/A,#N/A,1,1,#N/A
1145120,Oregon Retail Employees Pension Plan,#N/A,#N/A,#N/A,#N/A,2,#N/A,#N/A,#N/A,#N/A
985377,Moog Employees' Retirement Plan,#N/A,#N/A,#N/A,#N/A,2,3,4,#N/A,#N/A
985379,Jewish Federation of Greater Metrowest New Jersey Employees Pension Plan,#N/A,#N/A,#N/A,10,9,11,11,#N/A,#N/A
534820,University Hospitals Health System Retirement Plan,#N/A,#N/A,6,Completed By Ranjit,8,11,13,#N/A,#N/A
473381,Ford Motor Company Master Trust Fund,#N/A,#N/A,68,116,147,No Data,#N/A,#N/A,#N/A
985382,Local 68 Engineers Union Annuity Plan,#N/A,#N/A,#N/A,1,#N/A,#N/A,1,#N/A,#N/A
985384,Wisconsin Laborers Health Fund,#N/A,#N/A,#N/A,#N/A,#N/A,#N/A,1,#N/A,#N/A
985385,Greater Kansas City Laborers Pension Plan,#N/A,#N/A,#N/A,1,1,1,1,#N/A,#N/A
588074,The Stanreco Retirement Plan,#N/A,#N/A,Completed By Ranjit,2,Completed By Ranjit,1,2,#N/A,#N/A
985389,Sheet Metal Workers International Association Staff Pension Plan,#N/A,#N/A,#N/A,#N/A,#N/A,#N/A,1,#N/A,#N/A
588079,Pace Industry Union-Management Pension Fund,#N/A,#N/A,1,1,3,2,Completed By Ranjit,#N/A,#N/A
543461,Desert States Employers & UFCW Unions Pension Plan,#N/A,#N/A,5,6,5,8,11,In India,#N/A
588085,MultiCare Health System Welfare Plan,#N/A,2,2,2,2,2,2,#N/A,#N/A
588087,Northern Westchester Hospital Association Pension Plan,#N/A,#N/A,1,1,1,3,2,#N/A,#N/A
544075,Sears Holdings Pension Plan,#N/A,#N/A,#N/A,#N/A,18,#N/A,#N/A,#N/A,#N/A
538939,Aegon Companies Pension Plan,#N/A,#N/A,11,15,19,19,21,#N/A,#N/A
588093,Teamster Local 804 and Local 447 Retirement Plan,#N/A,#N/A,No Data,No Data,1,1,1,#N/A,#N/A
536894,Unum Group Pension Plan,#N/A,#N/A,3,3,3,3,4,In India,#N/A
590145,STP Nuclear Operating Company Retirement Plan,#N/A,#N/A,No Data,2,2,2,#N/A,#N/A,#N/A
590146,New York Hospital Medical Center of Queens Health Service Retirement Plan,#N/A,#N/A,3,3,3,5,8,#N/A,#N/A
590147,Lutheran Medical Center's Health Services Retirement Plan,#N/A,#N/A,3,4,10,5,#N/A,#N/A,#N/A
590149,IBEW Local 8 Retirement Plan and Trust,#N/A,#N/A,2,2,2,2,2,#N/A,#N/A
588103,Teamsters Joint Council No. 83 of Virginia Pension Fund,#N/A,#N/A,No Data,No Data,No Data,No Data,1,#N/A,#N/A
473416,Lucent Technologies Pension Plan,#N/A,#N/A,280,256,245,215,212,Completed By Ranjit,#N/A
590156,1199SEIU Greater New York Pension Fund,#N/A,#N/A,3,#N/A,7,5,13,#N/A,#N/A
590157,1199SEIU Health Care Employees Pension Fund,#N/A,#N/A,74,1,2,4,93,#N/A,#N/A
590160,Daiwa House Industry Pension Fund,#N/A,#N/A,3,1,2,5,#N/A,#N/A,#N/A
473425,The Bank of America Pension Plan,#N/A,#N/A,No Data,5,7,4,7,#N/A,#N/A
473427,United Technologies Corporation Employees Retirement Plan,#N/A,#N/A,78,79,83,87,87,#N/A,#N/A
588116,Blue Cross and Blue Shield of Massachusetts Retirement Income Trust,#N/A,#N/A,1,Completed By Ranjit,1,1,1,#N/A,#N/A
473431,Wells Fargo & Company Cash Balance Plan,#N/A,#N/A,48,31,57,61,56,#N/A,#N/A
473432,ExxonMobil Pension Plan,#N/A,#N/A,21,21,20,20,15,#N/A,#N/A
473434,United Parcel Service Corporate Pension,#N/A,#N/A,#N/A,3,3,5,2,#N/A,#N/A
473435,Chrysler Group Pension Plan,#N/A,#N/A,175,178,174,172,168,#N/A,#N/A
473436,National Grid USA Companies Final Average Pay Pension Plan,#N/A,#N/A,#N/A,13,17,20,22,#N/A,#N/A
473437,Chevron Master Pension Trust,#N/A,#N/A,9,10,8,7,7,In India,#N/A
473438,FedEx Corporation Employees' Pension Plan,#N/A,#N/A,No Data,#N/A,12,#N/A,12,#N/A,#N/A
473439,Hewlett-Packard Company Pension Plan,#N/A,#N/A,#N/A,71,72,68,66,#N/A,#N/A
473441,Honeywell International Master Retirement Trust,#N/A,#N/A,79,63,80,82,85,#N/A,#N/A
473442,The Lilly Retirement Plan Master Trust,#N/A,#N/A,#N/A,1,57,57,64,#N/A,#N/A
473443,Citigroup Pension Plan,#N/A,#N/A,168,169,162,158,151,#N/A,#N/A
588132,ABC-NABET Retirement Trust Fund,#N/A,#N/A,1,Completed By Ranjit,1,Completed By Ranjit,1,#N/A,#N/A
589542,Crown Equipment Corporation Retirement Plan,#N/A,#N/A,#N/A,4,6,7,8,#N/A,#N/A
473450,Caterpillar Retirement Master Trust,#N/A,#N/A,#N/A,3,4,4,4,#N/A,#N/A
473451,"Johnson & Johnson, Inc. 401(K) Profit Sharing Plan and Trust",#N/A,#N/A,21,#N/A,21,No Data,22,#N/A,#N/A
473455,Merck & Co. Master Retirement Trust,#N/A,#N/A,No Data,No Data,Completed By Ranjit,6,6,#N/A,#N/A
571760,Keyspan Corporation Pension Master Trust,#N/A,#N/A,29,28,34,39,41,#N/A,#N/A
473458,British Petroleum America Corporate Pension,#N/A,#N/A,#N/A,1,#N/A,3,1,#N/A,#N/A
473459,John Deere Pension Trust,#N/A,#N/A,#N/A,32,35,37,39,#N/A,#N/A
473460,Exelon Corporation Retirement Program,#N/A,#N/A,#N/A,42,49,87,82,#N/A,#N/A
473463,Kodak Retirement Income Plan,#N/A,#N/A,83,79,80,84,78,#N/A,#N/A
473465,Siemens Pension Plan,#N/A,#N/A,1,2,2,1,2,#N/A,#N/A
540531,Intermountain Healthcare Pension Plan,#N/A,#N/A,7,8,11,17,12,#N/A,#N/A
473469,Abbott Laboratories Annuity Retirement Trust,#N/A,#N/A,#N/A,2,4,8,2,#N/A,#N/A
473470,Alcoa Retirement Plans Master Trust,#N/A,#N/A,71,73,70,68,63,#N/A,#N/A
614123,Blanchard Valley Health System Pension Plan,#N/A,#N/A,#N/A,3,3,3,#N/A,3,#N/A
543469,National Asbestos Workers Pension Fund,#N/A,#N/A,#N/A,1,1,1,2,2,#N/A
540600,Labourers' Pension Fund of Central and Eastern Canada,#N/A,#N/A,1,#N/A,1,3,1,#N/A,#N/A
543471,Pension Fund for Dutch Physiotherapists,#N/A,#N/A,#N/A,#N/A,#N/A,1,#N/A,#N/A,#N/A
539038,AFTRA Health & Retirement Funds,#N/A,#N/A,#N/A,3,2,1,3,#N/A,#N/A
539058,Allegheny Technologies Incorporated Pension Plan,#N/A,#N/A,3,3,7,8,13,#N/A,#N/A
540403,Locals 302 & 612 of IUOE-Employers Construction Industry,#N/A,#N/A,12,15,24,21,28,In India,#N/A
614132,Schreiber Foods Master Pension Trust,#N/A,#N/A,#N/A,#N/A,6,6,5,#N/A,#N/A
541137,Delta Master Trust,#N/A,#N/A,#N/A,#N/A,1,98,#N/A,#N/A,#N/A
597753,PECO Energy Company Retiree Medical Plan,#N/A,#N/A,2,3,5,4,4,#N/A,#N/A
539097,AgustaWestland UK Pension Scheme,#N/A,#N/A,#N/A,#N/A,#N/A,4,#N/A,#N/A,#N/A
582108,Bell Atlantic Master Trust,#N/A,#N/A,380,380,382,335,311,In India,#N/A
586206,Master Trust Between Pfizer and The Northern Trust Company,#N/A,#N/A,103,139,1,149,134,Completed By Ranjit,#N/A
967147,The Lilly Retirement Plan,#N/A,#N/A,59,53,No Data,No Data,No Data,#N/A,#N/A
967149,WGM Master Trust,#N/A,#N/A,#N/A,#N/A,#N/A,14,#N/A,#N/A,#N/A
967150,"Weil, Gotshal & Manges Partners' Defined Benefit Plan",#N/A,#N/A,7,5,No Data,No Data,No Data,#N/A,#N/A
967152,CBS CRP Master Trust,#N/A,#N/A,2,2,No Data,#N/A,#N/A,#N/A,#N/A
586228,Alternative Investments Fund,#N/A,#N/A,19,29,37,44,53,In India,#N/A
545269,NiSource Master Retirement Trust,#N/A,#N/A,18,15,18,16,18,#N/A,#N/A
586230,New England Carpenters Guaranteed Annuity Fund,#N/A,#N/A,37,8,72,85,96,#N/A,#N/A
586231,Pension Plan of the National Retirement Fund,#N/A,#N/A,23,23,21,21,24,#N/A,#N/A
586234,Beth Israel Deaconess Medical Center Pension Plan,#N/A,#N/A,27,29,31,31,33,#N/A,#N/A
472831,Retirement Benefit Plan of R.R. Donnelley and Sons Company,#N/A,#N/A,No Data,5,No Data,4,2,#N/A,#N/A
594437,UFCW Consolidated Pension Fund,#N/A,#N/A,1,2,2,31,#N/A,#N/A,#N/A
618539,Delta Pilots Disability and Survivorship Plan,#N/A,#N/A,No Data,No Data,#N/A,#N/A,3,#N/A,#N/A
539150,American Family Insurance Group Master Retirement Trust,#N/A,#N/A,#N/A,4,Completed By Ranjit,2,2,#N/A,#N/A
17496,UNITE HERE,#N/A,#N/A,13,#N/A,#N/A,7,#N/A,#N/A,#N/A
539156,Allstate Retirement Plan,#N/A,#N/A,8,10,24,37,#N/A,#N/A,#N/A
539165,BJC Pension Plan,#N/A,#N/A,7,12,16,22,29,#N/A,#N/A
614180,Operating Engineers Pension Trust,#N/A,#N/A,#N/A,1,2,#N/A,3,4,#N/A
459309,AT&T Savings Master Trust,#N/A,#N/A,58,56,57,60,39,#N/A,#N/A
614152,Employees' Retirement Plan of Duke University,#N/A,#N/A,#N/A,172,227,135,256,175,#N/A
543283,Employees' Retirement Plan of Consolidated Electrical Distributors,#N/A,#N/A,21,29,32,32,28,#N/A,#N/A
472842,The Coca-Cola Company Master Retirement Trust,#N/A,#N/A,No Data,4,4,No Data,32,#N/A,#N/A
541248,Retirement Income Plan of Saudi Arabian Oil Company,#N/A,#N/A,11,14,17,13,19,#N/A,#N/A
543300,Pension Plan of Constellation Energy Group,#N/A,#N/A,15,15,22,No Data,#N/A,#N/A,#N/A
619077,The Southwest Carpenters Health and Welfare Trust,#N/A,#N/A,1,1,1,1,1,#N/A,#N/A
543305,"Weil, Gotshal & Manges Employees' Pension Plan",#N/A,#N/A,7,2,11,No Data,16,#N/A,#N/A
598604,Stichting Beroepspensioenfonds Loodsen,3,3,3,3,4,4,#N/A,#N/A,#N/A
543310,Construction Industry Laborers Pension Fund,#N/A,#N/A,4,4,4,4,4,#N/A,#N/A
472845,WellPoint Master Trust,#N/A,#N/A,11,11,11,10,10,#N/A,#N/A
543315,Continental Airlines Pension Master Trust,#N/A,#N/A,#N/A,2,2,2,3,#N/A,#N/A
543316,Graphic Arts Industry Joint Pension Trust,#N/A,#N/A,#N/A,3,3,1,3,3,#N/A
541269,Retirement Plan for Employees of Aetna,#N/A,#N/A,7,7,9,12,16,In India,#N/A
543320,Graphic Communications Conference Of The International Brotherhood Of Teamsters National Pension Fund,#N/A,#N/A,#N/A,9,9,11,10,11,#N/A
543322,Western & Southern Financial Group Pension Plan,#N/A,#N/A,12,12,13,14,Completed By Ranjit,#N/A,#N/A
543323,Tribune Company Defined Contribution Retirement Plan,#N/A,#N/A,15,11,11,10,7,#N/A,#N/A
543326,Western Union Pension Plan,#N/A,#N/A,#N/A,#N/A,2,2,2,Completed By Ranjit,#N/A
543327,Tredegar Corporation Retirement Income Plan,#N/A,#N/A,9,9,7,6,6,#N/A,#N/A
596577,BAE Master Pension Investment Trust,#N/A,#N/A,8,No Data,9,10,8,#N/A,#N/A
543331,Travelers Pension Plan,#N/A,#N/A,No Data,2,2,2,2,In India,#N/A
543332,Wilmington Trust Pension Plan Sponsored By M And T Bank,#N/A,#N/A,6,7,7,No Data,#N/A,#N/A,#N/A
541286,Retirement Plan of Space Systems/Loral,#N/A,#N/A,1,1,Completed By Ranjit,1,1,#N/A,#N/A
541288,Retirement System of the American National Red Cross,#N/A,#N/A,1,68,65,66,66,71,#N/A
543338,Total Finance USA Pension Plan,#N/A,#N/A,8,8,7,5,2,#N/A,#N/A
365167,Australian Retirement Fund,17,24,36,17,28,32,#N/A,#N/A,#N/A
588400,Presbyterian Healthcare Services Employees' Pension Plan,#N/A,#N/A,#N/A,No Data,1,No Data,1,#N/A,#N/A
588401,Ampex Retirement Master Trust,#N/A,#N/A,3,3,Completed By Ranjit,6,10,#N/A,#N/A
588402,Visiting Nurse Service of New York Care Pension Plan,#N/A,#N/A,3,2,7,5,8,#N/A,#N/A
588403,Crozer-Keystone Health System Employees' Retirement Plan,#N/A,#N/A,No Data,No Data,1,2,3,#N/A,#N/A
588405,New Jersey Carpenters Annuity Fund,#N/A,#N/A,7,6,7,Completed By Ranjit,7,In India,#N/A
543350,Yale University Retirement Plan for Staff Employees,#N/A,#N/A,#N/A,49,51,50,49,42,#N/A
492151,CERN Pension Fund,#N/A,#N/A,3,2,3,4,3,#N/A,#N/A
588408,Care New England Pension Plan,#N/A,#N/A,1,1,1,#N/A,#N/A,#N/A,#N/A
543355,Northeast Utilities Service Company Master Trust Investment Account,#N/A,#N/A,43,48,58,67,No Data,#N/A,#N/A
588414,"TOC-Woodworkers, IAM Defined Contribution Plan and Trust",#N/A,#N/A,#N/A,1,#N/A,1,#N/A,1,#N/A
539263,Boca Raton Regional Hospital Employees Pension Plan,#N/A,3,3,3,2,4,3,#N/A,#N/A
541314,Shands HealthCare Pension Plan,#N/A,#N/A,#N/A,5,5,6,7,#N/A,#N/A
588420,Rexnord Master Trust,#N/A,#N/A,No Data,2,#N/A,4,4,In India,#N/A
543368,Building Service 32BJ Pension Fund,#N/A,#N/A,No Data,2,2,2,2,1,#N/A
543371,Highmark Retirement Plan,#N/A,#N/A,No Data,4,7,9,11,#N/A,#N/A
539277,The Boeing Company Employee Retirement Plans Master Trust,#N/A,#N/A,135,101,171,175,63,#N/A,#N/A
543378,Northrop Grumman Pension Plan,#N/A,#N/A,85,No Data,138,175,144,#N/A,#N/A
472515,Pactiv Retirement Plan,#N/A,#N/A,3,3,5,4,5,#N/A,#N/A
543380,Henkel Corporation Master Retirement Trust,#N/A,#N/A,5,5,5,5,5,#N/A,#N/A
541806,United Food & Commercial Workers International Union-Industry Pension Fund,#N/A,#N/A,#N/A,5,3,5,4,4,#N/A
544537,Commodities Pension Fund,#N/A,#N/A,#N/A,1,#N/A,1,1,#N/A,#N/A
543384,Bricklayers and Trowel Trades International Pension Plan,#N/A,#N/A,2,No Data,2,1,1,#N/A,#N/A
543385,Norsk Hydro Pension Plan,#N/A,#N/A,#N/A,#N/A,#N/A,1,#N/A,#N/A,#N/A
473368,Dominion Resources Defined Benefit Master Trust,#N/A,#N/A,64,72,74,76,80,#N/A,#N/A
614171,Northern California Glaziers Architectural Metal and Glassworkers Pension Plan,#N/A,#N/A,#N/A,2,3,4,6,#N/A,#N/A
543399,CO-OP Retirement Plan,#N/A,#N/A,1,6,6,2,1,10,#N/A
589596,Indiana Carpenters Pension Fund,#N/A,#N/A,1,Completed By Ranjit,1,Completed By Ranjit,1,In India,#N/A
588458,Minneapolis Retail Meat Cutters and Food Handlers Pension Fund,#N/A,#N/A,#N/A,2,2,2,2,3,#N/A
588459,Timber Operators Council Retirement Plan and Trust,#N/A,#N/A,#N/A,1,#N/A,3,#N/A,2,#N/A
588460,Carpenters Labor Management Pension Plan,#N/A,#N/A,#N/A,1,1,2,2,#N/A,#N/A
17522,Industriens Pensionsforsikring,#N/A,#N/A,#N/A,#N/A,#N/A,102,110,#N/A,174
539310,Mine Wealth and Wellbeing,#N/A,#N/A,1,#N/A,1,1,#N/A,#N/A,#N/A
588463,Dupont Conoco Private Markets Group Trust,#N/A,#N/A,28,25,23,25,18,In India,#N/A
588464,IATSE National Benefit Fund,#N/A,#N/A,#N/A,#N/A,1,1,1,#N/A,#N/A
588465,Valley Health System Master Trust,#N/A,#N/A,#N/A,Completed By Ranjit,1,1,2,#N/A,#N/A
592562,ExxonMobil Superannuation Plan,#N/A,#N/A,1,#N/A,1,1,#N/A,#N/A,#N/A
543413,Savings Plan for Employees of the National Telecommunications Cooperative Association and its Member Systems,#N/A,#N/A,#N/A,#N/A,#N/A,2,#N/A,#N/A,#N/A
541366,The Southern Company Pension Plan,#N/A,#N/A,40,45,44,47,55,#N/A,#N/A
543423,Carpenter's Pension Fund of Illinois,#N/A,#N/A,7,9,9,10,13,#N/A,#N/A
543427,Carpenters' Pension Trust Fund - Detroit and Vicinity,#N/A,#N/A,#N/A,2,2,2,2,2,#N/A
539333,Bayer Corporation Master Trust,#N/A,#N/A,26,No Data,24,14,#N/A,#N/A,#N/A
588486,Employees Retirement Plan of Hajoca Corporation,#N/A,#N/A,14,16,19,20,18,#N/A,#N/A
543434,Medstar Health And Affiliates Retirement Master Trust,#N/A,#N/A,1,6,5,3,4,#N/A,#N/A
965751,The Mcgraw-Hill Retirement Plan Collective Investment Trust,#N/A,1,1,1,#N/A,#N/A,#N/A,#N/A,#N/A
543437,Partners Healthcare Pension Trust,#N/A,#N/A,#N/A,#N/A,81,90,#N/A,Completed By Ranjit,#N/A
543438,Fonds de Pensions Nestl√©,#N/A,#N/A,1,#N/A,1,#N/A,#N/A,#N/A,#N/A
588497,Connecticut Carpenters Pension Fund,#N/A,#N/A,#N/A,2,2,2,4,#N/A,#N/A
473097,"Cargill, Incorporated & Associated Companies Master Pension Trust",#N/A,#N/A,No Data,34,34,34,41,#N/A,#N/A
541399,Southwest Carpenters Pension Trust,#N/A,#N/A,17,20,23,24,25,#N/A,#N/A
588505,International Brotherhood of Electrical Workers Local Union 98 Pension Plan,#N/A,#N/A,1,Completed By Ranjit,1,2,3,#N/A,#N/A
543451,National Frozen Foods Corporation Employees' Pension Plan,#N/A,#N/A,#N/A,4,4,5,3,3,#N/A
1082077,Centurylink Defined Benefit Master Trust,#N/A,#N/A,#N/A,#N/A,#N/A,161,165,#N/A,#N/A
1082078,Centurylink Retiree and Inactive Health Plan,#N/A,#N/A,#N/A,#N/A,#N/A,64,62,#N/A,#N/A
589605,New England Iron Workers Council Pension Fund,#N/A,#N/A,1,1,1,1,#N/A,#N/A,#N/A
588512,Securian Financial Group Retirement Plan,#N/A,#N/A,#N/A,26,25,28,30,In India,#N/A
541409,Peacehealth Southwest Medical Center Employer Contribution Plan,#N/A,#N/A,#N/A,#N/A,1,1,#N/A,#N/A,#N/A
588514,Indiana State Council of Carpenters Pension Fund,#N/A,#N/A,#N/A,6,4,5,3,#N/A,#N/A
588515,Golub Employees' Retirement Plan,#N/A,#N/A,In India,4,6,8,10,15,#N/A
539365,Baystate Health Retirement Program,#N/A,#N/A,18,19,18,20,21,#N/A,#N/A
588518,Connecticut Laborers' Pension Plan,#N/A,#N/A,#N/A,1,1,1,1,#N/A,#N/A
588519,Carpenter Company Profit Sharing Plan,#N/A,16,16,15,14,12,9,In India,#N/A
588520,Bethesda Retirement Plan,#N/A,#N/A,7,7,6,3,1,#N/A,#N/A
588523,Intermountain Ironworkers Pension Trust,#N/A,#N/A,No Data,No Data,#N/A,2,2,#N/A,#N/A
588524,I.B.E.W. Local 25 Retirement Fund Master Trust,#N/A,#N/A,1,1,1,1,1,In India,#N/A
588525,Forest Lawn Retirement Plan,#N/A,#N/A,2,2,2,2,2,#N/A,#N/A
541422,Roche Retirement Plan,#N/A,#N/A,No Data,No Data,No Data,No Data,87,#N/A,#N/A
588527,The Phoenix Companies Employee Pension Plan,#N/A,#N/A,81,81,80,88,91,#N/A,#N/A
588528,AirConditioning and Refrigeration Industry Retirement Trust Fund,#N/A,#N/A,No Data,No Data,No Data,1,#N/A,#N/A,#N/A
541426,Rock-Tenn Company Consolidated Pension Plan,#N/A,#N/A,#N/A,1,1,1,4,#N/A,#N/A
539382,BBC Pension Trust,#N/A,#N/A,#N/A,#N/A,#N/A,#N/A,9,#N/A,#N/A
543479,Mineworkers Pension Scheme,#N/A,#N/A,#N/A,#N/A,#N/A,3,#N/A,#N/A,#N/A
541436,Rohm and Haas Company Retirement Plan,#N/A,#N/A,#N/A,2,2,#N/A,2,#N/A,#N/A
543872,IBM United Kingdom Pensions Trust,#N/A,#N/A,#N/A,#N/A,#N/A,1,1,#N/A,#N/A
543491,Minnesota Laborers Pension Fund,#N/A,#N/A,4,3,5,3,4,In India,#N/A
543493,MIT Basic Retirement Plan,#N/A,#N/A,224,225,228,223,214,Completed By Ranjit,#N/A
17161,Alecta Pensionsforsakring,#N/A,#N/A,#N/A,1,10,10,7,#N/A,#N/A
472879,Portland General Electric Company Pension Plan,#N/A,#N/A,6,5,6,6,5,In India,#N/A
17183,BP Master Trust For Employee Pension Plans,#N/A,#N/A,137,131,130,143,135,#N/A,#N/A
472539,ArcelorMittal USA Pension Trust,#N/A,#N/A,9,7,9,10,11,#N/A,#N/A
539430,Boy Scouts of America Master Pension Trust- Boy Scouts of America Retirement Plan For Employees,#N/A,#N/A,Completed By Ranjit,#N/A,13,19,23,22,#N/A
543534,La Caisse de pensions du personnel communal de Lausanne,#N/A,#N/A,#N/A,#N/A,#N/A,1,#N/A,#N/A,#N/A
543538,Pension Plan for Employees at ORNL,#N/A,#N/A,#N/A,23,25,25,23,#N/A,#N/A
471860,John Hancock Pension Plan,#N/A,#N/A,20,16,17,21,19,#N/A,#N/A
543541,Edmundson Electrical Pension Scheme,#N/A,#N/A,#N/A,1,#N/A,1,1,#N/A,#N/A
985386,Local 68 Engineers Union Pension Plan,#N/A,#N/A,#N/A,#N/A,#N/A,#N/A,1,#N/A,#N/A
541504,Royal Bank of Scotland Group Pension Fund,#N/A,#N/A,1,No Data,No Data,No Data,#N/A,#N/A,#N/A
17218,Babcock and Wilcox Master Trust,#N/A,#N/A,#N/A,13,8,11,14,#N/A,#N/A
543556,Pension Plan of Independence Blue Cross,#N/A,#N/A,6,8,12,12,13,#N/A,#N/A
576327,Employees Pension Plan of Battelle Memorial Institute,#N/A,#N/A,#N/A,14,26,21,20,19,#N/A
543563,Snap-on Tools Collective Investment Trust,#N/A,#N/A,11,11,11,12,11,#N/A,#N/A
985933,Hollow Metal Pension Fund,#N/A,#N/A,#N/A,#N/A,1,1,1,#N/A,#N/A
985934,Dairy Industry - Union Pension Plan For Philadelphia and Vicinity,#N/A,#N/A,#N/A,#N/A,#N/A,#N/A,1,#N/A,#N/A
576340,Juristernes og Okonomernes Pensionskasse,#N/A,#N/A,#N/A,#N/A,#N/A,#N/A,#N/A,4,#N/A
576346,Motor Trades Association of Australia Superannuation Fund,#N/A,#N/A,#N/A,#N/A,#N/A,#N/A,7,7,#N/A
543453,Deseret Mutual Master Retirement Plan,#N/A,#N/A,12,13,20,23,29,#N/A,#N/A
576354,Public Sector Superannuation Scheme,#N/A,#N/A,#N/A,#N/A,#N/A,2,#N/A,#N/A,#N/A
576360,University of Oxford Staff Pension Scheme,#N/A,#N/A,#N/A,#N/A,#N/A,1,#N/A,1,#N/A
594798,Washington-Idaho-Montana Carpenters Employers Retirement Trust Fund,#N/A,#N/A,No Data,No Data,#N/A,5,6,8,#N/A
472555,Ryder System Retirement Plan,#N/A,#N/A,4,6,5,5,6,#N/A,#N/A
17288,Central Laborers' Pension Fund,#N/A,#N/A,#N/A,9,9,8,#N/A,In India,#N/A
473241,Carpenters Pension Trust Fund of St. Louis,#N/A,#N/A,#N/A,15,23,23,22,#N/A,#N/A
37784,UniSuper Management,#N/A,59,67,68,#N/A,#N/A,#N/A,#N/A,#N/A
593732,General Electric Insurance Plan Trust,#N/A,#N/A,15,15,12,13,13,#N/A,#N/A
539549,Cigna Pension Plan,#N/A,#N/A,18,15,16,18,19,#N/A,#N/A
539553,Catholic Health Initiatives Master Trust,#N/A,#N/A,#N/A,#N/A,25,25,27,#N/A,#N/A
930,FOR-TEST PURPOSES-ONLY,#N/A,#N/A,1,#N/A,#N/A,#N/A,#N/A,#N/A,#N/A
17316,British Coal Staff Superannuation Scheme,#N/A,#N/A,#N/A,#N/A,#N/A,1,#N/A,#N/A,#N/A
588491,Pension Plan of the Oregon Sheet Metal Workers Master Retirement Trust,#N/A,#N/A,4,4,4,5,4,#N/A,#N/A
541609,TWU Superannuation Fund,#N/A,#N/A,#N/A,#N/A,#N/A,1,#N/A,#N/A,#N/A
986027,Sheet Metal Workers Local 265 Pension Fund,#N/A,#N/A,#N/A,1,1,1,2,2,#N/A
17327,Communications Workers of America Plan For Employees' Pensions,#N/A,#N/A,No Data,1,1,1,1,#N/A,#N/A
541621,U.A. Local Union Officers and Employees Pension Fund,#N/A,#N/A,4,4,4,4,4,#N/A,#N/A
17341,CWA/ITU Negotiated Pension Plan,#N/A,#N/A,9,9,9,10,10,In India,#N/A
539582,Catholic Superannuation Fund,#N/A,#N/A,2,#N/A,1,2,1,#N/A,#N/A
543688,Rabobank Pensioenfonds,#N/A,#N/A,1,#N/A,1,3,#N/A,#N/A,#N/A
17355,Delta Retirement Plan,#N/A,#N/A,No Data,#N/A,126,96,99,#N/A,#N/A
601036,Lorillard Tobacco Company Retirement Master Trust,#N/A,#N/A,11,12,17,22,24,#N/A,#N/A
589986,Arkema Retirement Benefits Plan,#N/A,#N/A,6,5,6,5,5,#N/A,#N/A
540960,Migros-Pensionskasse,#N/A,#N/A,#N/A,#N/A,#N/A,1,#N/A,#N/A,#N/A
543699,The Prudential Merged Retirement Plan,#N/A,#N/A,6,5,9,10,11,#N/A,#N/A
539606,The CCHS Retirement Plan,#N/A,#N/A,9,9,11,11,11,#N/A,#N/A
543703,Progress Energy Pension Plans Master Trust,#N/A,#N/A,22,23,23,22,#N/A,#N/A,#N/A
589988,Westar Energy Retirement Plan,#N/A,#N/A,1,2,3,1,4,#N/A,#N/A
17374,Dow Employees' Pension Plan,#N/A,#N/A,95,107,110,125,129,#N/A,#N/A
492511,General Electric Pension Trust,#N/A,#N/A,26,147,131,148,140,#N/A,#N/A
17390,DuPont Pension Trust Fund,#N/A,#N/A,154,163,157,179,186,#N/A,#N/A
541682,UFCW - Northern California Employers Joint Pension,#N/A,#N/A,22,23,24,38,34,#N/A,#N/A
603127,Steamship Trade Association of Baltimore International Longshoremen's Association Pension Fund,#N/A,#N/A,#N/A,2,2,2,2,#N/A,#N/A
541688,Sunoco Master Retirement Trust,#N/A,#N/A,No Data,15,15,15,16,#N/A,#N/A
975866,Alcancorp Master Retirement Trust,#N/A,#N/A,7,#N/A,#N/A,#N/A,#N/A,#N/A,#N/A
472575,Fluor Corporation Employees Savings Investment Plan,#N/A,#N/A,8,8,7,7,7,#N/A,#N/A
975868,Rhode Island Carpenters Annuity Fund,#N/A,#N/A,1,#N/A,1,1,1,#N/A,#N/A
473117,CBS CCPP Master Trust,#N/A,#N/A,1,No Data,No Data,6,7,#N/A,#N/A
975872,Keyspan Corporation Union VEBA Master Trust,#N/A,#N/A,8,7,9,8,6,#N/A,#N/A
541699,UFCW Local 1262 & Employers Health & Welfare Fund,#N/A,#N/A,3,3,3,3,2,#N/A,#N/A
975878,Alstom Defined Benefit Master Trust,#N/A,#N/A,9,1,#N/A,#N/A,#N/A,#N/A,#N/A
17416,Pentegra Defined Benefit Plan for Financial Institutions,#N/A,#N/A,#N/A,2,2,Completed By Ranjit,#N/A,17,#N/A
541705,Retirement Plan for Employees of UJA-Federation of NY and Affiliated Agencies and Institutions,#N/A,#N/A,#N/A,33,35,37,40,#N/A,#N/A
588812,Sullivan & Cromwell Employees' Pension Plan,#N/A,#N/A,3,4,Completed By Ranjit,7,6,#N/A,#N/A
614136,Minneapolis Food Distributing Industry Pension Plan,#N/A,#N/A,1,Completed By Ranjit,2,2,1,#N/A,#N/A
543758,Liberty Mutual Retirement Benefit Plan,#N/A,#N/A,No Data,No Data,No Data,148,148,#N/A,#N/A
543759,Iron Workers District Council of Southern Ohio & Vicinity Pension Trust,#N/A,#N/A,No Data,No Data,#N/A,4,5,7,#N/A
574480,John Muir Health Retirement Plan,#N/A,#N/A,2,1,3,4,2,#N/A,#N/A
588817,United Scenic Artists Welfare Fund Local 829,#N/A,#N/A,No Data,No Data,No Data,1,1,#N/A,#N/A
588821,Dominion Retiree Health and Welfare Plan,#N/A,#N/A,16,17,16,16,17,#N/A,#N/A
543766,The Investment Master Trust of Exelis,#N/A,#N/A,58,No Data,63,63,62,#N/A,#N/A
588823,IUE-CWA Pension Plan,#N/A,#N/A,4,4,4,4,4,#N/A,#N/A
588824,Ampco-Pittsburgh Corporation Retirement Plan,#N/A,#N/A,1,1,1,1,1,#N/A,#N/A
588825,Toshiba America Master Trust,#N/A,#N/A,7,8,8,8,5,#N/A,#N/A
588826,BMW Pension Plan (North America),#N/A,#N/A,No Data,Completed By Ranjit,2,2,2,#N/A,#N/A
541723,University of Notre Dame Employees' Pension Plan,#N/A,#N/A,#N/A,18,20,21,21,21,#N/A
588828,The Guardian Master Pension Plan Trust,#N/A,#N/A,11,18,23,30,38,#N/A,#N/A
588829,Berklee College of Music Retirement Plan,#N/A,#N/A,3,3,4,6,7,#N/A,#N/A
543774,J Sainsbury Pension Fund,#N/A,#N/A,#N/A,1,2,3,1,#N/A,#N/A
588834,IBEW Local 357 Pension Plan A,#N/A,#N/A,5,2,7,8,11,#N/A,#N/A
541734,UNICare Retirement Plan,#N/A,5,9,6,Completed By Ranjit,7,No Data,#N/A,#N/A
588845,Iron Workers Local No. 25 Pension Fund,#N/A,#N/A,Completed By Ranjit,Completed By Ranjit,Completed By Ranjit,#N/A,1,#N/A,#N/A
588847,White & Case Pension Plan,#N/A,#N/A,3,1,1,3,2,In India,#N/A
588855,Ameren Health and Welfare Trust,#N/A,#N/A,9,12,1,1,8,#N/A,#N/A
539706,Caisse Intercommunale de Pensions,#N/A,#N/A,1,#N/A,1,3,#N/A,#N/A,#N/A
541755,Sutter Health Master Trust,#N/A,#N/A,14,18,26,37,#N/A,#N/A,#N/A
541758,The Sherwin-Williams Company Master Trust,#N/A,#N/A,#N/A,#N/A,2,1,1,#N/A,#N/A
541761,Union Carbide Employees' Pension Plan,#N/A,#N/A,93,99,102,118,120,#N/A,#N/A
588869,Chicago Area I.B. of T. Health and Welfare Plan,#N/A,#N/A,No Data,No Data,3,#N/A,3,#N/A,#N/A
622433,Baxter International and Subsidiaries Pension Trust General Trust Account,#N/A,#N/A,60,54,45,#N/A,45,#N/A,#N/A
543817,Legacy Health System Employees Retirement Plan,#N/A,#N/A,22,22,22,20,22,#N/A,#N/A
543692,Queen's Health Systems Pension Plan,#N/A,#N/A,6,No Data,6,6,6,#N/A,#N/A
472589,Avaya Master Pension Trust,#N/A,#N/A,6,8,10,10,11,In India,#N/A
588882,Edison Pension Plan,#N/A,#N/A,4,4,4,5,6,#N/A,#N/A
543827,First Super,#N/A,#N/A,#N/A,7,7,7,#N/A,#N/A,#N/A
543831,Koch Industries Employees' Pension Plan,#N/A,#N/A,#N/A,#N/A,#N/A,26,#N/A,#N/A,#N/A
588888,"Laundry, Dry Cleaning Workers & Allied Industries Retirement Fund, Workers United",#N/A,#N/A,4,6,9,8,8,#N/A,#N/A
473274,Sheet Metal Workers Pension Plan of Northern California,#N/A,#N/A,2,2,3,4,8,#N/A,#N/A
588896,Ropes & Gray Supplemental Retirement Shares Plan,#N/A,#N/A,#N/A,1,1,1,1,#N/A,#N/A
965731,Schering-Plough Retirement Trust,#N/A,#N/A,5,5,#N/A,#N/A,#N/A,#N/A,#N/A
588900,Retirement Plan for Employees of Phoebe Putney Health System,#N/A,#N/A,4,2,2,2,2,#N/A,#N/A
536417,UAW Master Pension Trust,#N/A,#N/A,#N/A,No Data,3,6,9,#N/A,#N/A
965737,Boston Symphony Orchestra Pensions Trust Fund,#N/A,#N/A,Completed By Ranjit,2,3,#N/A,3,#N/A,#N/A
588908,IATSE Local 33 Pension Trust Fund,#N/A,#N/A,2,2,3,4,#N/A,#N/A,#N/A
588910,Petro-Hunt Welfare Benefits Plan,#N/A,#N/A,9,11,11,11,13,#N/A,#N/A
589998,The Retirement Plan For Employees of Bush Brothers & Company,#N/A,#N/A,3,1,3,2,4,In India,#N/A
588914,Connecticut Carpenters Annuity Fund,#N/A,#N/A,#N/A,1,1,1,1,1,#N/A
965749,DTE Energy Company Comprehensive Group Health Care Plan,#N/A,#N/A,3,3,No Data,No Data,No Data,#N/A,#N/A
965750,Allina Pension Account Plan,#N/A,#N/A,1,1,1,#N/A,No Data,#N/A,#N/A
543863,Imperial Oil Pension,#N/A,#N/A,#N/A,#N/A,#N/A,1,#N/A,#N/A,#N/A
588922,Local 338 Retirement Fund,#N/A,#N/A,No Data,No Data,1,Completed By Ranjit,3,#N/A,#N/A
588925,Private Sanitation Union Local 813 Pension Plan,#N/A,#N/A,No Data,No Data,No Data,1,1,Completed By Ranjit,#N/A
543870,Idaho National Laboratory Employee Retirement Plan,#N/A,#N/A,1,7,9,9,10,#N/A,#N/A
17536,J.C. Penney Corporation Pension Plan,#N/A,#N/A,107,109,114,135,117,Completed By Ranjit,#N/A
17683,Nestle USA Pension Plan,#N/A,#N/A,55,61,75,81,85,#N/A,#N/A
541833,United Mine Workers of America 1985 Construction Workers Pension Plan and Trust,#N/A,#N/A,#N/A,6,6,6,8,8,#N/A
540183,The Hearst Corporation Retirement Plan,#N/A,#N/A,#N/A,1,1,33,34,#N/A,#N/A
541840,Stichting Pensioenfonds TNO,#N/A,#N/A,#N/A,#N/A,#N/A,1,#N/A,#N/A,#N/A
472723,Ericsson US Pension Plan,#N/A,#N/A,2,2,2,2,3,#N/A,#N/A
541847,Sysco Corporation Retirement Plan,#N/A,#N/A,#N/A,#N/A,#N/A,1,1,#N/A,#N/A
539800,Empire State Carpenters' Pension Fund,#N/A,#N/A,#N/A,1,1,2,1,1,#N/A
588996,International Union of Operating Engineers' General Pension Plan,#N/A,#N/A,3,3,3,3,4,In India,#N/A
539805,Employees' Retirement Plan of the National Education Association,#N/A,#N/A,5,2,7,8,9,#N/A,#N/A
365227,AMP,#N/A,#N/A,#N/A,#N/A,#N/A,1,#N/A,#N/A,#N/A
587633,Allete and Affiliated Companies Retirement Plan A,#N/A,#N/A,12,11,10,10,11,#N/A,#N/A
588976,Defined Benefit Pension Plan of AGC-IUOE Local 701 Pension Trust Fund,#N/A,#N/A,1,1,2,2,2,#N/A,#N/A
588979,Painters District Council No. 2 Pension Trust and Plan,#N/A,#N/A,3,2,2,2,1,1,#N/A
588983,The General Mills Retiree Health Plan for Union Employees,#N/A,#N/A,44,44,43,51,56,Completed By Ranjit,#N/A
472252,Ball Corporation Pension Plan for Salaried Employees,#N/A,#N/A,Completed By Ranjit,5,8,9,8,#N/A,#N/A
472253,Agilent Technologies Retirement Plan,#N/A,#N/A,#N/A,82,66,65,66,#N/A,#N/A
472255,Anadarko Petroleum Corporation Master Trust,#N/A,#N/A,29,1,32,29,23,#N/A,#N/A
472259,Ecolab Pension Plan,#N/A,#N/A,1,3,3,3,4,#N/A,#N/A
472260,Regions Financial Corporation Retirement Plan,#N/A,#N/A,6,7,5,3,10,#N/A,#N/A
359621,I.A.M. National Pension Fund,#N/A,#N/A,7,1,3,3,141,#N/A,#N/A
539847,DIRECTV Pension Plan,#N/A,#N/A,#N/A,13,10,10,10,#N/A,#N/A
589006,Chicago Journeymen Plumbers Union Local 130 Pension Fund,#N/A,#N/A,#N/A,4,4,4,4,#N/A,#N/A
540219,Stichting Pensioenfonds IBM Nederland,#N/A,#N/A,1,1,2,1,1,#N/A,#N/A
589026,Simpson Group Retirement Fund Master Trust,#N/A,#N/A,3,2,1,1,1,#N/A,#N/A
539877,Energy Super,#N/A,#N/A,#N/A,10,11,11,#N/A,#N/A,#N/A
543975,Edmonton Pipe Industry Pension Plan,#N/A,#N/A,#N/A,2,#N/A,2,5,#N/A,#N/A
589035,Southern California Unions & Food Employers Joint Pension Trust Fund,#N/A,#N/A,2,1,15,3,12,#N/A,#N/A
589038,Cottage Health System Cash Balance Retirement Plan,#N/A,#N/A,1,No Data,2,3,3,#N/A,#N/A
543984,The Walt Disney Company Retirement Plan Master Trust,#N/A,#N/A,95,98,101,115,#N/A,#N/A,#N/A
589041,Iron Workers Pension Plan of Western Pennsylvania,#N/A,#N/A,3,2,2,6,7,Completed By Ranjit,#N/A
472317,Precision Castparts Corporate Master Trust Defined Benefit Plans,#N/A,#N/A,Completed By Ranjit,7,6,8,10,#N/A,#N/A
472318,Freeport-McMoRan Corporation Retirement Plan,#N/A,#N/A,#N/A,11,8,9,8,#N/A,#N/A
472321,Frontier Communications Pension Plan,#N/A,#N/A,3,1,1,1,1,#N/A,#N/A
544007,Reed Elsevier Defined Benefit Plans Master Trust,#N/A,#N/A,7,7,6,6,6,#N/A,#N/A
367881,Tasplan Superannuation Fund,#N/A,#N/A,#N/A,#N/A,#N/A,7,5,3,#N/A
589066,New Jersey Building Laborers Statewide Pension Fund,#N/A,#N/A,1,1,2,Completed By Ranjit,2,#N/A,#N/A
17676,National Railroad Retirement Investment Trust,#N/A,#N/A,#N/A,#N/A,#N/A,#N/A,12,#N/A,#N/A
589070,Sunkist Retirement Plan (A),#N/A,#N/A,10,10,10,10,No Data,#N/A,#N/A
17681,National Automatic Sprinkler Industry Pension Fund,#N/A,#N/A,22,23,27,29,45,#N/A,#N/A
589075,Southern Nevada Construction Industry and Laborers' Joint Pension Plan,#N/A,#N/A,4,5,13,7,15,#N/A,#N/A
589076,Kemper Corporation Pension Trust,#N/A,#N/A,3,3,4,3,7,In India,#N/A
597280,Directors Guild of America-Producer Pension Plan Supplemental Benefit Plan,#N/A,#N/A,#N/A,#N/A,#N/A,8,9,#N/A,#N/A
589094,Newspaper Guild of New York Pension Plan (New York Times),#N/A,#N/A,No Data,4,4,3,No Data,#N/A,#N/A
472361,Aerojet Rocketdyne Pension Plan,#N/A,#N/A,#N/A,2,#N/A,3,5,#N/A,#N/A
472364,The New York Times Companies Pension Trust,#N/A,#N/A,4,2,4,4,4,In India,#N/A
589103,Western Washington Laborers Employers' Pension Plan,#N/A,#N/A,No Data,No Data,No Data,1,1,#N/A,#N/A
472370,YRC Worldwide Master Pension Plans Trust,#N/A,#N/A,No Data,2,4,3,2,#N/A,#N/A
544060,Sentara Healthcare 401(A) Retirement Plan,#N/A,#N/A,3,3,4,3,8,#N/A,#N/A
545064,Paul Hastings Defined Benefit Retirement Plan For Partners,#N/A,#N/A,#N/A,28,#N/A,38,42,#N/A,#N/A
17729,PacifiCorp Retirement Plan,#N/A,#N/A,16,13,11,11,9,#N/A,#N/A
472436,NewPage Directed Retirement Trust,#N/A,#N/A,4,5,8,8,8,#N/A,#N/A
17739,PPL Services Corporation Master Trust,#N/A,#N/A,No Data,#N/A,6,6,6,5,#N/A
539981,Daimler Trucks North America Employee Retirement Savings Plan,#N/A,#N/A,2,2,1,3,1,#N/A,#N/A
17744,Pension Fund for Metalworking and Mechanical Engineering,#N/A,#N/A,1,#N/A,1,1,1,#N/A,#N/A
17745,Pensioenfonds Horeca & Catering,#N/A,#N/A,1,#N/A,1,1,#N/A,#N/A,#N/A
17747,Pension Scheme of Flying Personnel of Swissair,#N/A,#N/A,#N/A,#N/A,#N/A,1,#N/A,#N/A,#N/A
539991,Danaher Corporation & Subsidiaries Pension Plan,#N/A,#N/A,12,12,17,17,19,#N/A,#N/A
472411,Andersen Corporation Employees' Pension and Retirement Plan,#N/A,#N/A,1,2,2,2,1,#N/A,#N/A
472415,Harley-Davidson Master Trust Fund,#N/A,#N/A,4,4,1,No Data,#N/A,#N/A,#N/A
17760,PKE Pensionkasse Energie,#N/A,#N/A,1,#N/A,1,2,1,#N/A,#N/A
544098,UPMC Master Trust,#N/A,#N/A,60,69,74,83,91,#N/A,#N/A
472419,Xcel Energy Master Pension Trust,#N/A,#N/A,7,6,9,12,14,#N/A,#N/A
472421,Corning Pension Plan,#N/A,#N/A,115,107,107,103,106,#N/A,#N/A
544103,Target Corporation 401 (K) Plan,#N/A,#N/A,#N/A,#N/A,60,56,#N/A,#N/A,#N/A
544108,Pepco Holdings Retirement Plan,#N/A,#N/A,6,9,9,9,9,In India,#N/A
348392,The Duquesne Light Company,#N/A,#N/A,14,12,15,13,10,#N/A,#N/A
472434,Hess Corporation Employees' Pension Plan,#N/A,#N/A,3,3,4,4,4,#N/A,#N/A
556404,The Pension Plan For The Oregon Washington Carpenters Employers Pension Trust Fund,#N/A,#N/A,No Data,No Data,No Data,1,1,2,#N/A
472437,Monsanto Company Pension Plan,#N/A,#N/A,19,18,18,19,16,#N/A,#N/A
544118,Pitney Bowes Pension Plan,#N/A,#N/A,#N/A,1,#N/A,3,1,#N/A,#N/A
597367,Campbell Soup Company Retirement and Pension Plan,#N/A,#N/A,#N/A,9,9,9,7,#N/A,#N/A
472441,SPX Corporation Retirement Savings and Stock Ownership Plan,#N/A,#N/A,1,1,1,1,1,#N/A,#N/A
966207,Qwest Health Care Plan,#N/A,#N/A,68,61,No Data,#N/A,#N/A,#N/A,#N/A
587328,Kaleida Health Pension Growth Plan,#N/A,#N/A,8,10,7,11,18,#N/A,#N/A
472462,Master Trust For Employees Of Oneok & Subsidiaries,#N/A,#N/A,No Data,No Data,1,1,1,#N/A,#N/A
540056,Howard University Employees Retirement Plan,#N/A,#N/A,#N/A,48,46,44,No Data,#N/A,#N/A
472473,Eastman Investment & Employee Stock ownership Plan,#N/A,#N/A,66,64,64,73,76,#N/A,#N/A
17824,S.C. Johnson & Son Employees Deferred Profit Sharing and Savings Plan,#N/A,#N/A,19,18,18,Completed By Ranjit,12,#N/A,#N/A
17648,Michelin Retirement Plan,#N/A,#N/A,No Data,No Data,No Data,43,39,#N/A,#N/A
473121,FirstEnergy Corporate Master Pension Plan,#N/A,#N/A,9,16,10,11,8,#N/A,#N/A
17830,Service Employees International Union SEIU 252,#N/A,#N/A,12,No Data,8,13,No Data,#N/A,#N/A
17831,Sheet Metal Workers National Pension Fund,#N/A,#N/A,12,13,13,13,16,12,#N/A
597418,Chicago Regional Council of Carpenters Pension Fund,#N/A,#N/A,Completed By Ranjit,#N/A,3,1,9,9,#N/A
984492,Jacksonville Plumbers and Pipefitters Pension Plan,#N/A,#N/A,#N/A,#N/A,#N/A,#N/A,2,#N/A,#N/A
984496,Pacificorp/IBEW Local 57 Retirement Trust Fund,#N/A,#N/A,#N/A,#N/A,#N/A,#N/A,1,#N/A,#N/A
984497,Hawaii Electricians Annuity Plan,#N/A,#N/A,#N/A,#N/A,#N/A,#N/A,1,#N/A,#N/A
619081,Agents Pension Plan,#N/A,#N/A,8,8,8,6,7,In India,#N/A
587338,Retirement Plan for Employees of the University of Miami,#N/A,#N/A,#N/A,13,13,13,13,#N/A,#N/A
472511,Loews Corporation Employees Retirement Trust,#N/A,#N/A,No Data,7,Completed By Ranjit,8,9,#N/A,#N/A
17507,IBM Personal Pension Plan,#N/A,#N/A,1,116,195,102,391,#N/A,#N/A
472518,Ameren Retirement Plan,#N/A,#N/A,9,#N/A,8,9,#N/A,#N/A,#N/A
472521,American Express Retirement Plan,#N/A,#N/A,#N/A,7,8,8,10,#N/A,#N/A
540106,Harvard University Retirement Plan,#N/A,#N/A,57,53,54,53,49,#N/A,#N/A
590071,Dairy Farmers of America Retirement Plan,#N/A,#N/A,2,2,2,2,2,#N/A,#N/A
472526,Whirlpool Corporation And Subsidiary Employees' Retirement Trust,#N/A,#N/A,9,9,8,7,7,#N/A,#N/A
472529,Rexam Pension Plan,#N/A,#N/A,9,9,9,2,7,In India,#N/A
544210,Baker Hughes Pension Plan,#N/A,#N/A,No Data,No Data,1,2,No Data,#N/A,#N/A
544211,BAE Systems 2000 Pension Plan,#N/A,#N/A,#N/A,#N/A,9,13,#N/A,#N/A,#N/A
976340,Jewish Home and Hospital Retirement Plan,#N/A,#N/A,1,#N/A,#N/A,#N/A,#N/A,#N/A,#N/A
472533,Gannett Retirement Plan,#N/A,#N/A,15,14,15,16,13,#N/A,#N/A
976342,Wyeth Master Trust,#N/A,#N/A,28,30,#N/A,#N/A,#N/A,#N/A,#N/A
976344,Indiana UFCW Unions and Retail Food Employers Pension Plan,#N/A,#N/A,3,#N/A,#N/A,#N/A,#N/A,#N/A,#N/A
976345,Albany International Corporate Pension Plus Plan,#N/A,#N/A,3,3,3,3,3,#N/A,#N/A
976346,Allegheny Technologies Health and Welfare Plan,#N/A,4,6,#N/A,#N/A,#N/A,#N/A,#N/A,#N/A
1007183,Partners Healthcare Master Trust For ERISA Assets,#N/A,#N/A,#N/A,#N/A,#N/A,90,103,#N/A,#N/A
588026,Pipefitters Union Local No. 537 Pension Fund,#N/A,#N/A,#N/A,2,3,1,3,1,#N/A
587344,Rochester General Health System Employee Retirement Plan,#N/A,#N/A,4,5,8,8,11,#N/A,#N/A
472546,USG Corporation Retirement Plan,#N/A,#N/A,10,10,10,9,9,#N/A,#N/A
588101,The Combined Master Retirement Trust,#N/A,#N/A,5,5,5,6,6,#N/A,#N/A
472554,Aon Pension Plan,#N/A,#N/A,22,No Data,22,27,25,#N/A,#N/A
617963,Agilent Technologies Deferred Profit-Sharing Plan,#N/A,#N/A,#N/A,78,66,66,66,#N/A,#N/A
473000,Alstom Power Defined Contribution Master Trust,#N/A,#N/A,#N/A,9,8,7,6,#N/A,#N/A
1007187,Oregon & Southwest Washington Painters Pension Plan,#N/A,#N/A,1,2,2,2,2,#N/A,#N/A
472565,NCR Pension Plan,#N/A,#N/A,9,9,9,10,9,#N/A,#N/A
544247,Pension Trust for the fund office of the Bert Bell/Pete Rozelle NFL Player Retirement Plan,#N/A,#N/A,#N/A,2,5,9,13,#N/A,#N/A
472568,Alliant Techsystems Pension and Retirement Plan,#N/A,#N/A,9,7,11,12,12,#N/A,#N/A
472569,McKinsey Master Retirement Trust,#N/A,#N/A,13,13,14,14,14,#N/A,#N/A
472573,Illinois Tool Works Corporate Pension,#N/A,#N/A,20,20,20,19,In India,#N/A,#N/A
544255,Asda Group Pension Scheme,#N/A,#N/A,2,1,1,3,#N/A,#N/A,#N/A
472576,TI Employees Pension Plan,#N/A,#N/A,4,No Data,2,2,2,#N/A,#N/A
472579,Navistar 401(k) Plan for Represented Employees,#N/A,#N/A,1,1,2,2,2,#N/A,#N/A
544260,Ascension Health Master Pension Trust,#N/A,#N/A,No Data,22,30,46,50,#N/A,#N/A
472582,Electrolux Home Products Master Trust,#N/A,#N/A,No Data,No Data,2,2,2,#N/A,#N/A
472583,Hallmark Master Trust- Absolute Return Fund,#N/A,#N/A,15,16,15,17,16,In India,#N/A
472586,Daimler Trucks North America Pension Plan,#N/A,#N/A,13,12,11,12,12,#N/A,#N/A
17932,United Food & Commercial Workers Local 555,#N/A,#N/A,15,16,16,17,17,#N/A,#N/A
46605,A O Smith Retirement Plan,#N/A,#N/A,6,10,10,9,10,In India,#N/A
17934,United Food & Commercial Workers Union Employer Pension Fund,#N/A,#N/A,4,6,13,#N/A,30,#N/A,#N/A
17935,United Mine Workers of America,#N/A,#N/A,#N/A,#N/A,#N/A,#N/A,8,#N/A,#N/A
472595,Crown Cork & Seal Company Master Retirement,#N/A,#N/A,22,#N/A,#N/A,2,22,#N/A,#N/A
472599,Windstream Pension Plan,#N/A,#N/A,#N/A,#N/A,#N/A,2,1,#N/A,#N/A
472600,The CNA Corporation Retirement Plan,#N/A,#N/A,#N/A,#N/A,#N/A,9,#N/A,#N/A,#N/A
472603,Sprint Retirement Pension Plan,#N/A,#N/A,3,2,1,1,2,#N/A,#N/A
618074,Electrolux Home Products Welfare Benefits Plan for Retired Employees,#N/A,#N/A,No Data,No Data,#N/A,1,1,#N/A,#N/A
472608,H.J. Heinz Corporate Master Trust,#N/A,#N/A,2,2,2,2,2,#N/A,#N/A
473008,The Readers Digest Association Retirement Plan,#N/A,#N/A,#N/A,7,10,7,7,#N/A,#N/A
618019,Carpenters of Western Washington Individual Account Pension Plan,#N/A,#N/A,6,7,7,7,9,#N/A,#N/A
472612,Iberdrola Pension Plan,#N/A,#N/A,1,1,1,1,1,#N/A,#N/A
472327,Temple-Inland Retirement Plan,#N/A,#N/A,No Data,5,4,5,5,#N/A,#N/A
472580,Cummins US Pension Fund,#N/A,#N/A,27,30,30,30,31,#N/A,#N/A
17969,United States Steel Corporation Plan For Employee Pension Benefits,#N/A,#N/A,48,51,57,59,59,#N/A,#N/A
472329,Olin Corporation Employees Pension Plan,#N/A,#N/A,11,12,13,13,13,#N/A,#N/A
618043,CNA Retirement Plan,#N/A,#N/A,9,Completed By Ranjit,8,9,11,In India,#N/A
588494,Florida Carpenters' Pension Plan,#N/A,#N/A,1,No Data,#N/A,2,1,#N/A,#N/A
966208,Stoel Rives Master Retirement Trust,#N/A,#N/A,7,6,No Data,#N/A,#N/A,#N/A,#N/A
587329,The Retirement Income Plan for Employees of the Colonial Williamsburg Foundation,#N/A,#N/A,1,No Data,#N/A,No Data,No Data,#N/A,#N/A
587330,Massachusetts Laborers' Annuity Fund,#N/A,#N/A,#N/A,6,7,8,10,In India,#N/A
587333,Pension Plan For Employees of Dartmouth-Hitchcock,#N/A,#N/A,3,No Data,2,2,2,#N/A,#N/A
587334,Eighth District Electrical Pension Fund,#N/A,#N/A,#N/A,#N/A,#N/A,1,2,#N/A,#N/A
587335,Les Schwab Profit Sharing Retirement Plan,#N/A,#N/A,16,14,15,14,13,#N/A,#N/A
587337,ABB Master Trust,#N/A,#N/A,17,17,16,15,14,#N/A,#N/A
618058,DTE Energy Company Affiliates Employee Benefit Plans Master Trust,#N/A,#N/A,16,15,17,20,22,#N/A,#N/A
587340,Stoel Rives Retirement Plan,#N/A,#N/A,No Data,No Data,6,4,9,#N/A,#N/A
17999,Western Metal Industry Pension Plan,#N/A,#N/A,4,4,4,4,4,In India,#N/A
1007184,Cash Balance Plan For Partners & Sr. Staff of STB,#N/A,#N/A,#N/A,#N/A,1,1,3,#N/A,#N/A
587345,United Brotherhood of Carpenters Pension Plan United States Segment,#N/A,#N/A,10,12,13,15,11,#N/A,#N/A
587346,WHX Pension Plan Trust,#N/A,#N/A,1,1,No Data,1,2,#N/A,#N/A
587347,William Beaumont Hospital Employees' Retirement Plan,#N/A,#N/A,4,4,5,8,8,#N/A,#N/A
587348,Lyondell Chemical Company Retirement Master Trust,#N/A,#N/A,1,3,3,5,3,In India,#N/A
587349,NSTAR Pension Plan,#N/A,#N/A,6,7,#N/A,No Data,#N/A,#N/A,#N/A
587350,Vought Aircraft Industries Master Defined Benefit Trust,#N/A,#N/A,#N/A,5,4,#N/A,5,#N/A,#N/A
587351,Boilermakers Local 83 Supplemental Health And Welfare Fund,#N/A,#N/A,No Data,No Data,No Data,Completed By Ranjit,1,#N/A,#N/A
587353,Niagra Mohawk Pension Plan,#N/A,#N/A,6,7,13,18,24,#N/A,#N/A
587354,MassMutual Pension Plan,#N/A,#N/A,No Data,No Data,1,3,No Data,#N/A,#N/A
587355,Union Bank Retirement Plan,#N/A,#N/A,1,1,3,4,No Data,#N/A,#N/A
472675,Smithfield Foods Master Trust,#N/A,#N/A,9,6,2,14,13,In India,#N/A
618084,CBS Combined Pension Plan,#N/A,#N/A,2,2,Completed By Ranjit,1,1,#N/A,#N/A
472677,Graybar Electric Company Pension Plan,#N/A,#N/A,3,4,3,4,3,#N/A,#N/A
18022,Young Men's Christian Association Retirement Fund Retirement Plan,#N/A,#N/A,1,#N/A,1,2,1,#N/A,#N/A
472679,The TJX Companies Retirement Plan,#N/A,#N/A,3,3,5,4,3,#N/A,#N/A
591464,Marathon Oil Company Thrift Plan,#N/A,#N/A,54,51,50,26,50,#N/A,#N/A
591466,Delta Pilots Defined Contribution Plan,#N/A,#N/A,#N/A,#N/A,#N/A,2,#N/A,#N/A,#N/A
472684,Masco Corporation Retirement Master Trust,#N/A,#N/A,3,2,2,18,17,#N/A,#N/A
472685,Vulcan Materials Master Pension Trust Fund,#N/A,#N/A,37,36,2,36,34,Completed By Ranjit,#N/A
472691,Sidley Austin Master Pension Trust,#N/A,#N/A,89,100,115,129,145,#N/A,#N/A
472694,CFG Pension Plan,#N/A,#N/A,#N/A,#N/A,#N/A,#N/A,1,#N/A,#N/A
472699,Nissan Employee Retirement Plan,#N/A,#N/A,6,7,7,7,9,#N/A,#N/A
472703,Invensys Master Retirement Trust,#N/A,#N/A,1,Completed By Ranjit,Completed By Ranjit,1,Completed By Ranjit,#N/A,#N/A
472705,Cox Enterprises Pension Plan,#N/A,#N/A,29,1,36,39,41,In India,#N/A
472707,Briggs & Stratton Retirement Plan,#N/A,#N/A,#N/A,9,30,30,32,27,#N/A
472708,Medtronic Master Trust Fund,#N/A,#N/A,#N/A,18,22,22,22,24,#N/A
472710,Toyota Motor Sales U.S.A. Pension Plan,#N/A,#N/A,7,8,11,10,14,#N/A,#N/A
472711,Smurfit-Stone Container Corporation Master Trust,#N/A,#N/A,4,3,3,3,#N/A,#N/A,#N/A
472712,Sempra Energy Pension Master Trust,#N/A,#N/A,4,4,4,3,3,#N/A,#N/A
589451,Iron Workers District Council of Tennessee Valley & Vicinity Pension Plan,#N/A,#N/A,1,1,#N/A,No Data,1,#N/A,#N/A
601740,Washington Meat Industry Pension Trust,#N/A,#N/A,#N/A,1,1,1,1,#N/A,#N/A
473026,UK Shell Pension Plan,#N/A,#N/A,#N/A,#N/A,2,2,2,#N/A,#N/A
589456,Detroit Medical Center Consolidated Pension Plan,#N/A,#N/A,1,1,No Data,1,No Data,#N/A,#N/A
589457,I.A.T.S.E. National Health & Welfare Fund,#N/A,#N/A,No Data,No Data,1,1,No Data,#N/A,#N/A
589458,Florida Crystals Corporation Pension Plan,#N/A,#N/A,#N/A,1,#N/A,1,1,#N/A,#N/A
587715,Group Health Cooperative Employee Defined Contribution Plan,#N/A,#N/A,No Data,No Data,6,8,23,#N/A,#N/A
589460,McWane Master Trust,#N/A,#N/A,No Data,2,2,No Data,1,#N/A,#N/A
472728,Nalco Company Retirement Income Plan,#N/A,#N/A,Completed By Ranjit,1,2,No Data,#N/A,#N/A,#N/A
543343,H-E-B Brand Savings & Retirement Plan,#N/A,#N/A,43,50,45,45,47,#N/A,#N/A
472732,The Estee Lauder Companies Retirement Growth Account Plan,#N/A,#N/A,6,6,6,8,7,#N/A,#N/A
589471,The Everett Clinic,#N/A,#N/A,No Data,No Data,#N/A,No Data,1,#N/A,#N/A
472736,Towers Watson Pension Plan For U.S. Employees,#N/A,#N/A,#N/A,3,5,#N/A,#N/A,#N/A,#N/A
614054,Metal Companies Multi-Employer Pension Plan,#N/A,#N/A,9,Completed By Ranjit,13,13,14,#N/A,#N/A
589480,Wa-Id Laborers Employers Pension Trust,#N/A,#N/A,#N/A,2,3,#N/A,3,#N/A,#N/A
589482,Sheet Metal Workers' Local 10 Pension Fund,#N/A,#N/A,No Data,No Data,No Data,No Data,1,#N/A,#N/A
472857,Public Service Enterprise Group Master Retirement Trust,#N/A,#N/A,12,11,9,5,9,#N/A,#N/A
598642,DTE Energy Company Master VEBA Trust,#N/A,#N/A,3,4,5,9,10,#N/A,#N/A
540957,New York State Nurses Association Pension Plan,#N/A,#N/A,70,74,85,91,98,#N/A,#N/A
472753,Hanesbrands Corporate Pension,#N/A,#N/A,#N/A,Completed By Ranjit,1,1,1,#N/A,#N/A
472756,Coca-Cola Enterprises Master Trust For Defined Benefit Plans,#N/A,#N/A,48,47,No Data,#N/A,#N/A,#N/A,#N/A
472757,The MeadWestvaco Master Retirement Savings Trust,#N/A,#N/A,27,26,30,30,28,#N/A,#N/A
614074,MIT Retiree Welfare Benefit Trust,#N/A,#N/A,#N/A,45,52,65,67,67,#N/A
472764,Meritor Retirement Plan,#N/A,#N/A,#N/A,6,9,9,9,#N/A,#N/A
614079,Painters and Allied Trades District Council No. 35 Pension Fund,#N/A,#N/A,No Data,1,2,5,4,5,#N/A
472352,McKesson Corporation Retirement Plan,#N/A,#N/A,3,3,#N/A,#N/A,#N/A,#N/A,#N/A
614083,Yale-New Haven Hospital Cash Account Pension Plan,#N/A,#N/A,#N/A,9,1,9,2,#N/A,#N/A
614084,Retirement Plan for Employees of Greenwich Hospital,#N/A,#N/A,#N/A,2,3,3,4,#N/A,#N/A
473377,GlaxoSmithKline Retirement Savings Plan,#N/A,#N/A,No Data,2,1,1,No Data,#N/A,#N/A
472776,Pension Plan for Employees of SKF USA,#N/A,#N/A,4,4,4,Completed By Ranjit,4,#N/A,#N/A
614089,Yale University Plan of Health Coverage for Retired Employees,#N/A,#N/A,#N/A,16,18,18,18,15,#N/A
540363,Voya Retirement Plan,#N/A,#N/A,3,3,3,3,3,#N/A,#N/A
614092,International Union of Operating Engineers Local Union No. 478 A-C-D-E Pension Plan,#N/A,#N/A,#N/A,1,2,3,4,4,#N/A
540099,Hartford HealthCare Corporation Defined Benefit Master Trust Agreement,#N/A,#N/A,#N/A,#N/A,#N/A,Completed By Ranjit,5,#N/A,#N/A
614095,The Cultural Institutions Pension Plan,#N/A,#N/A,#N/A,19,17,19,26,29,#N/A
540370,ING Pension Fund,#N/A,#N/A,#N/A,1,#N/A,1,1,#N/A,#N/A
614099,Contributory Defined Benefit Retirement Plan at Rensselaer Polytechnic Institute,#N/A,#N/A,#N/A,34,33,31,34,35,#N/A
976347,United States Steel Plan for Active Employee Insurance Benefits,#N/A,#N/A,10,#N/A,#N/A,#N/A,#N/A,#N/A,#N/A
614111,Retirement Income Plan for Selective Insurance Company of America,#N/A,#N/A,15,14,14,14,14,#N/A,#N/A
614113,Lehigh Valley Health Network Retirement Plan,#N/A,#N/A,#N/A,3,3,3,3,3,#N/A
614115,Reading Hospital and Medical Center Pension Plan,#N/A,#N/A,Completed By Ranjit,#N/A,2,5,#N/A,#N/A,#N/A
595686,Retirement Plan For Employees Of Woods Hole Oceanographic Institution,#N/A,#N/A,3,34,33,33,34,#N/A,#N/A
614120,East Ohio Gas Company Welfare Benefit Plan Union VEBA Master Trust,#N/A,#N/A,16,16,16,16,16,#N/A,#N/A
589547,Thompson Machinery Commerce Profit Sharing & 401 (K) Plan,#N/A,#N/A,3,3,No Data,5,5,In India,#N/A
614124,CTS Corporation Pension Plan,#N/A,#N/A,#N/A,4,3,5,5,5,#N/A
472813,Land O Lakes Employee Retirement Plan,#N/A,#N/A,No Data,No Data,No Data,6,5,#N/A,#N/A
614126,Marsh & McLennan Companies Retirement Plan,#N/A,#N/A,65,69,72,No Data,No Data,#N/A,#N/A
614128,Allstate Plans' Master Trust,#N/A,#N/A,107,108,109,108,108,#N/A,#N/A
539231,AstraZeneca Trust for Defined Benefit Pension Plans,#N/A,#N/A,14,14,14,15,13,#N/A,#N/A
472818,Philips Electronics North America Corporation Pension Plan,#N/A,#N/A,2,6,8,11,12,#N/A,#N/A
614131,American Sugar Master Retirement Trust,#N/A,#N/A,#N/A,9,9,9,9,9,#N/A
472820,Parker Hannifin Collective Trust,#N/A,#N/A,#N/A,1,1,No Data,#N/A,#N/A,#N/A
538941,3M Employee Retirement Income Plan,#N/A,#N/A,95,91,104,92,100,#N/A,#N/A
614134,United Food and Commercial Workers Unions and Employers Pension Plan,#N/A,#N/A,4,5,5,5,5,#N/A,#N/A
614135,Wisconsin Laborers Pension Fund,#N/A,#N/A,#N/A,2,3,3,4,#N/A,#N/A
597752,Supplemental Pension Plan of Consolidated Rail Corporation,#N/A,#N/A,2,#N/A,#N/A,#N/A,#N/A,#N/A,#N/A
614137,McCormick Pension Plan,#N/A,#N/A,#N/A,3,3,2,2,#N/A,#N/A
597754,The JPMorgan Chase Retirement Plan,#N/A,#N/A,75,55,83,85,102,#N/A,#N/A
472828,Macy's Defined Benefit Plans Master Trust,#N/A,#N/A,1,1,8,3,Completed By Ranjit,#N/A,#N/A
472829,Hawaiian Electric Industries Master Pension Trust,#N/A,#N/A,1,1,1,1,1,#N/A,#N/A
589567,PALCO Retirement Plan,#N/A,#N/A,1,1,1,1,Completed By Ranjit,#N/A,#N/A
614146,United Mine Workers of America 1974 Pension Plan,#N/A,#N/A,#N/A,31,34,34,34,34,#N/A
614149,Iron Workers Local No 5 & IWEA Employees Pension Trust Fund,#N/A,#N/A,#N/A,1,1,1,2,#N/A,#N/A
614150,AFL-CIO Staff Retirement Plan,#N/A,#N/A,#N/A,1,1,1,1,1,#N/A
589576,Saint Luke's Health System Retirement Plan,#N/A,#N/A,2,2,2,2,2,#N/A,#N/A
544521,Consolidated Edison Retirement Plan,#N/A,#N/A,Completed By Ranjit,No Data,No Data,10,19,#N/A,#N/A
614154,Plumbers & Pipefitters Local Unions 502 & 633 Pension Trust Fund,#N/A,#N/A,#N/A,2,2,2,4,#N/A,#N/A
614155,Qwest Pension Plan,#N/A,#N/A,144,137,145,No Data,No Data,#N/A,#N/A
544524,Concordia Plan Services,#N/A,#N/A,#N/A,#N/A,#N/A,3,#N/A,#N/A,#N/A
614157,Qwest Retiree and Inactive Health Plan,#N/A,#N/A,#N/A,#N/A,62,#N/A,#N/A,#N/A,#N/A
544526,ConAgra Foods Master Pension Trust,#N/A,#N/A,5,10,11,11,9,#N/A,#N/A
472847,Novartis Pension Plans Master Trust,#N/A,#N/A,11,14,13,12,12,#N/A,#N/A
614160,Alaska Laborers-Employers Retirement Fund,#N/A,#N/A,#N/A,4,2,3,3,3,#N/A
614162,Idaho Operating Engineers Employers Pension Plan,#N/A,#N/A,No Data,No Data,#N/A,1,#N/A,#N/A,#N/A
614163,Intermountain Retail Store Employees Pension Plan,#N/A,#N/A,#N/A,1,1,2,2,#N/A,#N/A
614166,Hewlett-Packard Company Deferred Profit-Sharing Plan,#N/A,#N/A,#N/A,71,70,67,66,#N/A,#N/A
589591,Henry Ford Health System Retirement Master Trust,#N/A,#N/A,9,10,11,11,11,#N/A,#N/A
589592,Sheet Metal Workers Pension Fund of Local Union No. 19,#N/A,#N/A,No Data,#N/A,2,#N/A,3,5,#N/A
589593,Perkinelmer Master Trust,#N/A,#N/A,2,1,1,2,1,#N/A,#N/A
589594,Community Hospital of the Monterey Peninsula Retirement Plan,#N/A,#N/A,5,5,6,5,6,#N/A,#N/A
589595,Detroit Diesel Corporation Master Trust,#N/A,#N/A,4,5,4,4,4,In India,#N/A
472860,Lincoln Electric Products Retirement Plan,#N/A,#N/A,#N/A,4,4,4,4,#N/A,#N/A
614173,The Retirement Plan of Rady Childrens Hospital and Health Center,#N/A,#N/A,#N/A,No Data,#N/A,2,3,#N/A,#N/A
472863,Schlumberger Technology Corporation Pension Plan,#N/A,#N/A,29,29,37,38,1,#N/A,#N/A
614176,Neiman Marcus Group Retirement Plan,#N/A,#N/A,#N/A,5,5,5,#N/A,#N/A,#N/A
472868,Burlington Northern Santa Fe Retirement Plan,#N/A,#N/A,#N/A,1,1,1,#N/A,#N/A,#N/A
614181,Southern California IBEW-NECA Pension Trust Fund,#N/A,#N/A,#N/A,2,3,5,6,#N/A,#N/A
589606,Axel Johnson Retirement Plan,#N/A,#N/A,8,8,8,7,7,In India,#N/A
472871,Ametek Master Trust,#N/A,#N/A,1,Completed By Ranjit,1,#N/A,#N/A,#N/A,#N/A
589612,Denver Area Meat Cutters and Employers Pension Plan,#N/A,#N/A,No Data,4,3,2,3,#N/A,#N/A
614189,ILGWU Death Benefit Fund 2,#N/A,#N/A,8,7,7,#N/A,6,#N/A,#N/A
1105710,Ford Motor Company Trust Fund Private Equity,#N/A,#N/A,#N/A,#N/A,#N/A,132,131,#N/A,#N/A
1105711,Ford Motor Company Trust Fund Real Estate,#N/A,#N/A,#N/A,#N/A,#N/A,22,28,#N/A,#N/A
614193,Navistar Retirement Plan for Salaried Employees,#N/A,#N/A,1,1,1,2,2,#N/A,#N/A
589619,National Security Technologies Employee Retirement Plan,#N/A,#N/A,1,1,1,Completed By Ranjit,1,In India,#N/A
472884,Diebold Retirement Plan for Salaried Employees,#N/A,#N/A,No Data,2,2,2,2,#N/A,#N/A
540470,Inova Health System Retirement Income Plan,#N/A,#N/A,#N/A,No Data,1,1,1,#N/A,#N/A
589625,Brown-Forman Corporation Retirement Plan,#N/A,#N/A,1,No Data,No Data,12,13,#N/A,#N/A
472893,Employees' Pension Plan of Longview Fibre Paper & Packaging,#N/A,#N/A,6,8,7,8,7,#N/A,#N/A
472894,Equifax U.S. Retirement Income Plan,#N/A,#N/A,No Data,16,9,14,16,#N/A,#N/A
589631,Lumber Industry Pension Plan,#N/A,#N/A,7,8,6,7,2,#N/A,#N/A
473014,Unisys Pension Plan,#N/A,#N/A,33,33,31,37,30,#N/A,#N/A
540482,Retirement Plan for Employees of Lorillard Tobacco Company,#N/A,#N/A,#N/A,#N/A,17,22,#N/A,#N/A,#N/A
568971,NECA-IBEW Pension Trust Fund,#N/A,#N/A,#N/A,1,#N/A,1,#N/A,1,#N/A
589636,CUNA Mutual Non-Represented Plan Qualified Trust,#N/A,5,1,1,1,2,4,#N/A,#N/A
472901,Pentair Pension Plan,#N/A,#N/A,2,No Data,No Data,No Data,No Data,#N/A,#N/A
472902,Ryerson Pension Plan,#N/A,#N/A,14,14,12,11,10,#N/A,#N/A
589639,Pipeline Industry Pension Fund,#N/A,#N/A,1,1,1,4,8,In India,#N/A
597644,The Bank Of America Pension Plan For Legacy Companies,#N/A,#N/A,1,5,3,3,2,#N/A,#N/A
472906,PNM Resources Master Trust,#N/A,#N/A,1,6,6,6,4,In India,#N/A
589643,UFCW Local One Pension Fund,#N/A,#N/A,1,1,1,1,1,#N/A,#N/A
602775,Rush Presbyterian St. Lukes Medical Center Master Retirement Trust,#N/A,#N/A,24,24,23,#N/A,#N/A,#N/A,#N/A
976727,Northwest Indiana Regional Council of Carpenters Pension Trust Fund,#N/A,#N/A,#N/A,#N/A,#N/A,#N/A,6,#N/A,#N/A
976728,San Francisco Symphony Retirement Plan,#N/A,#N/A,#N/A,1,#N/A,#N/A,#N/A,#N/A,#N/A
976730,UPS Retirement Plan,#N/A,#N/A,144,2,1,1,No Data,#N/A,#N/A
976731,Hickory Springs Retirement Plan,#N/A,#N/A,1,#N/A,#N/A,1,1,#N/A,#N/A
976732,UPS Pension Plan,#N/A,#N/A,17,#N/A,#N/A,#N/A,#N/A,#N/A,#N/A
976734,South Florida Carpenters Pension Trust Fund,#N/A,#N/A,1,#N/A,#N/A,#N/A,#N/A,#N/A,#N/A
976735,Swedish Match Master Trust For Defined Benefit Plans,#N/A,#N/A,2,#N/A,2,2,2,#N/A,#N/A
976736,Akin Gump Strauss Hauer & Feld 401(k) Profit Sharing Plan,#N/A,#N/A,2,#N/A,#N/A,#N/A,#N/A,#N/A,#N/A
976737,Akin Gump Strauss Hauer & Feld Partners Defined Benefit Pension Plan,#N/A,#N/A,2,#N/A,#N/A,#N/A,#N/A,#N/A,#N/A
540517,Kaiser Permanente 401(k) Retirement Plan,#N/A,#N/A,3,6,12,15,21,#N/A,#N/A
540524,Inter-Local Pension Fund of the Graphic Communications International Unions,#N/A,#N/A,#N/A,8,7,No Data,#N/A,#N/A,#N/A
472722,Bridgestone Americas Master Pension Trust,#N/A,#N/A,#N/A,No Data,No Data,#N/A,2,#N/A,#N/A
590141,Retirement Plan of Piedmont Natural Gas Company,#N/A,#N/A,No Data,3,No Data,4,4,#N/A,#N/A
587632,United States Steel Corporation Plan for Retiree Insurance Benefits,#N/A,#N/A,#N/A,No Data,22,26,28,In India,#N/A
622449,Southern California Pipe Trades Health And Welfare Fund,#N/A,#N/A,#N/A,1,1,1,#N/A,#N/A,#N/A
587705,Wellspan Health,#N/A,#N/A,2,2,2,1,2,#N/A,#N/A
587637,International Union of Operating Engineers Pension Fund (Eastern Pennsylvania and Delaware),#N/A,#N/A,5,4,5,3,Completed By Ranjit,#N/A,#N/A
587638,The Associated Press Master Trust,#N/A,#N/A,3,4,7,7,No Data,#N/A,#N/A
473273,Western Pennsylvania Teamsters & Employers Pension Fund,#N/A,#N/A,3,3,3,3,3,#N/A,#N/A
472960,Stanley Black & Decker Pension Plan,#N/A,#N/A,Completed By Ranjit,7,9,2,#N/A,#N/A,#N/A
472962,FMC Technologies Employees' Retirement Program,#N/A,#N/A,2,2,#N/A,Completed By Ranjit,#N/A,#N/A,#N/A
622473,32Bj School Workers Pension Fund,#N/A,#N/A,#N/A,#N/A,1,1,1,#N/A,#N/A
543383,Northwestern Memorial Hospital Employees' Pension Plan,#N/A,#N/A,81,86,89,90,91,#N/A,#N/A
540994,Mayo Pension Plan,#N/A,#N/A,180,197,207,230,239,#N/A,#N/A
472981,Time Warner Pension Plan,#N/A,#N/A,3,5,4,4,4,#N/A,#N/A
587670,3M Retiree Welfare Benefit Plan,#N/A,#N/A,10,10,10,10,10,#N/A,#N/A
472983,The Goodyear Tire & Rubber Company Common Trust- Alternatives,#N/A,#N/A,21,23,25,28,26,#N/A,#N/A
472986,BASF Corporation Pension Master Trust,#N/A,#N/A,24,22,20,21,20,#N/A,#N/A
472990,Hubbell Incorporated Master Pension Trust,#N/A,#N/A,#N/A,1,1,Completed By Ranjit,Completed By Ranjit,#N/A,#N/A
472991,NextEra Energy Employee Pension Plan,#N/A,#N/A,No Data,1,1,No Data,7,#N/A,#N/A
472994,Textron Master Trust,#N/A,#N/A,70,65,69,74,81,#N/A,#N/A
472997,Reynolds American Defined Benefit Master Trust,#N/A,#N/A,58,62,66,65,In India,#N/A,#N/A
587688,Mutual of Omaha Retirement Income Plan,#N/A,#N/A,26,17,17,21,21,In India,#N/A
540589,Loyola University Employees' Retirement Plan,#N/A,#N/A,19,#N/A,10,14,14,#N/A,#N/A
473007,The Kroger Company Master Retirement Trust,#N/A,#N/A,71,83,90,100,109,#N/A,#N/A
540592,Laborers' Pension Fund,#N/A,#N/A,Completed By Ranjit,#N/A,13,18,20,19,#N/A
587700,Hackensack University Medical Center Retirement Income Plan,#N/A,#N/A,4,Completed By Ranjit,1,2,1,#N/A,#N/A
587702,Master Trust for Roseburg Forest Products Company,#N/A,#N/A,2,No Data,4,5,5,#N/A,#N/A
587704,TA Associates Profit Sharing Plan,#N/A,#N/A,7,7,6,6,1,In India,#N/A
622521,CSAA Insurance Exchange Cash Balance Retirement,#N/A,#N/A,1,2,#N/A,#N/A,1,#N/A,#N/A
540602,International Union of Operating Engineers Stationary Engineers Local 39 Pension Fund,#N/A,#N/A,No Data,2,1,3,No Data,#N/A,#N/A
587707,GCIU-Employer Retirement Benefit Plan,#N/A,#N/A,3,3,3,3,3,#N/A,#N/A
587709,Factory Mutual Insurance Company Pension Plan,#N/A,#N/A,7,6,Completed By Ranjit,6,7,#N/A,#N/A
587710,International Union of Operating Engineers (Local 4) Pension Fund,#N/A,#N/A,1,2,2,2,2,#N/A,#N/A
587711,ArcelorMittal USA VEBA Master Trust,#N/A,#N/A,9,No Data,#N/A,No Data,No Data,#N/A,#N/A
587712,Mason Tenders' District Council Pension Fund,#N/A,#N/A,#N/A,#N/A,1,1,1,#N/A,#N/A
622530,Sullivan & Cromwell Master Pension Plan Trust,#N/A,#N/A,#N/A,#N/A,4,#N/A,#N/A,#N/A,#N/A
589549,Hardinge Pension Plan,#N/A,#N/A,1,1,1,1,1,#N/A,#N/A
587716,Consolidated Retirement Fund,#N/A,#N/A,#N/A,11,11,11,12,#N/A,#N/A
587717,CSAA Insurance Exchange Cash Balance Retirement Plan,#N/A,#N/A,#N/A,#N/A,2,2,#N/A,#N/A,#N/A
587721,Cash Balance Retirement Plan of Brown Brothers Harriman & Co.,#N/A,#N/A,3,4,6,6,6,#N/A,#N/A
595914,Amica Pension Plan,#N/A,#N/A,Completed By Ranjit,2,3,3,5,Completed By Ranjit,#N/A
473035,General Mills Group Trust - Pooled Private Equity Fund,#N/A,#N/A,118,118,114,123,105,In India,#N/A
473043,Western Conference of Teamsters Pension Plan,#N/A,#N/A,15,22,24,31,13,#N/A,#N/A
473045,National Electrical Benefit Fund,#N/A,#N/A,5,7,2,9,10,#N/A,#N/A
473047,Central Pension Fund of the IUOE & Participating Employers,#N/A,#N/A,#N/A,21,27,37,51,#N/A,#N/A
473048,Boilermaker-Blacksmith National Pension Trust,#N/A,#N/A,4,4,Completed By Ranjit,5,4,#N/A,#N/A
588112,Physician's Organization at Children's Hospital Welfare Plan,#N/A,#N/A,No Data,No Data,Completed By Ranjit,2,14,In India,#N/A
541824,United Launch Alliance Master Pension Trust,#N/A,#N/A,2,1,3,3,9,#N/A,#N/A
472742,Baxter International And Subsidiaries Pension Plan,#N/A,#N/A,Completed By Ranjit,Completed By Ranjit,No Data,51,#N/A,#N/A,#N/A
472744,Union Pacific Corporation Master Retirement Trust,#N/A,#N/A,2,4,99,106,108,#N/A,#N/A
